file,date,n_detections,max_prob,mean_prob,has_interference
OTYJY_FGMM01_PGCV_L1_DAY_20231204000000_V01.00.txt.org,20231204,0,0.03699488937854767,4.2542759116620014e-05,False
OTYJY_FGMM01_PGCV_L1_DAY_20231205000000_V01.00.txt.org,20231205,0,0.05910926312208176,6.72363164722532e-05,False
OTYJY_FGMM01_PGCV_L1_DAY_20231206000000_V01.00.txt.org,20231206,0,0.0839756652712822,0.00013477353140100976,False
OTYJY_FGMM01_PGCV_L1_DAY_20231207000000_V01.00.txt.org,20231207,0,0.04493683949112892,7.183407133683416e-05,False
OTYJY_FGMM01_PGCV_L1_DAY_20231208000000_V01.00.txt.org,20231208,1,0.8202675580978394,0.0004962758906712035,True
OTYJY_FGMM01_PGCV_L1_DAY_20231209000000_V01.00.txt.org,20231209,0,0.017093198373913765,5.394956172254386e-05,False
OTYJY_FGMM01_PGCV_L1_DAY_20231210000000_V01.00.txt.org,20231210,0,0.017524927854537964,2.4916286047961857e-05,False
OTYJY_FGMM01_PGCV_L1_DAY_20231211000000_V01.00.txt.org,20231211,0,0.01007557101547718,2.106880667717952e-05,False
OTYJY_FGMM01_PGCV_L1_DAY_20231213000000_V01.00.txt.org,20231213,0,0.012823864817619324,2.5420823963937665e-05,False
OTYJY_FGMM01_PGCV_L1_DAY_20231214000000_V01.00.txt.org,20231214,0,0.013369141146540642,1.69583583800287e-05,False
OTYJY_FGMM01_PGCV_L1_DAY_20231215000000_V01.00.txt.org,20231215,0,0.02105754241347313,3.05442290171976e-05,False
OTYJY_FGMM01_PGCV_L1_DAY_20231216000000_V01.00.txt.org,20231216,0,0.019218910485506058,1.6748511828891542e-05,False
OTYJY_FGMM01_PGCV_L1_DAY_20231217000000_V01.00.txt.org,20231217,0,0.1453748196363449,6.381124827462422e-05,False
OTYJY_FGMM01_PGCV_L1_DAY_20231218000000_V01.00.txt.org,20231218,0,0.07153388857841492,9.479140815489752e-05,False
OTYJY_FGMM01_PGCV_L1_DAY_20231219000000_V01.00.txt.org,20231219,0,0.024083295837044716,2.8613031369997724e-05,False
OTYJY_FGMM01_PGCV_L1_DAY_20231220000000_V01.00.txt.org,20231220,0,0.010595843195915222,2.1856347338466568e-05,False
OTYJY_FGMM01_PGCV_L1_DAY_20231221000000_V01.00.txt.org,20231221,0,0.03631642460823059,7.043842154160836e-05,False
OTYJY_FGMM01_PGCV_L1_DAY_20231222000000_V01.00.txt.org,20231222,0,0.014738740399479866,3.276877388227251e-05,False
OTYJY_FGMM01_PGCV_L1_DAY_20231223000000_V01.00.txt.org,20231223,0,0.0025025370996445417,3.1445356867373174e-06,False
OTYJY_FGMM01_PGCV_L1_DAY_20231224000000_V01.00.txt.org,20231224,0,0.004751401022076607,4.888757450324102e-06,False
OTYJY_FGMM01_PGCV_L1_DAY_20231225000000_V01.00.txt.org,20231225,0,0.07532261312007904,4.733259151432373e-05,False
OTYJY_FGMM01_PGCV_L1_DAY_20231226000000_V01.00.txt.org,20231226,0,0.0011754457373172045,1.6483003424692903e-06,False
OTYJY_FGMM01_PGCV_L1_DAY_20231227000000_V01.00.txt.org,20231227,0,0.0013825030764564872,1.2493905527676593e-06,False
OTYJY_FGMM01_PGCV_L1_DAY_20231228000000_V01.00.txt.org,20231228,0,0.007260202895849943,6.001474458018586e-06,False
OTYJY_FGMM01_PGCV_L1_DAY_20231229000000_V01.00.txt.org,20231229,0,0.007720272056758404,7.4853102162190715e-06,False
OTYJY_FGMM01_PGCV_L1_DAY_20231230000000_V01.00.txt.org,20231230,0,0.012541955336928368,1.849398176922467e-05,False
OTYJY_FGMM01_PGCV_L1_DAY_20231231000000_V01.00.txt.org,20231231,0,0.011794070713222027,3.3085335564422866e-05,False
OTYJY_FGMM01_PGCV_L1_DAY_20240101000000_V01.00.txt.org,20240101,0,0.023942576721310616,1.6419688274911236e-05,False
OTYJY_FGMM01_PGCV_L1_DAY_20240102000000_V01.00.txt.org,20240102,0,0.01847827434539795,1.522856297797157e-05,False
OTYJY_FGMM01_PGCV_L1_DAY_20240103000000_V01.00.txt.org,20240103,0,0.07535973936319351,7.497259501315432e-05,False
OTYJY_FGMM01_PGCV_L1_DAY_20240104000000_V01.00.txt.org,20240104,0,0.06013448163866997,3.4962986684630974e-05,False
OTYJY_FGMM01_PGCV_L1_DAY_20240105000000_V01.00.txt.org,20240105,0,0.014109076000750065,1.1699828875280994e-05,False
OTYJY_FGMM01_PGCV_L1_DAY_20240106000000_V01.00.txt.org,20240106,0,0.041388124227523804,9.806974752944881e-05,False
OTYJY_FGMM01_PGCV_L1_DAY_20240107000000_V01.00.txt.org,20240107,0,0.049826111644506454,8.086804501144126e-05,False
OTYJY_FGMM01_PGCV_L1_DAY_20240108000000_V01.00.txt.org,20240108,0,0.010171572677791119,1.560089665949103e-05,False
OTYJY_FGMM01_PGCV_L1_DAY_20240109000000_V01.00.txt.org,20240109,0,0.024097174406051636,2.0749724854211576e-05,False
OTYJY_FGMM01_PGCV_L1_DAY_20240110000000_V01.00.txt.org,20240110,0,0.037524547427892685,3.851111180548685e-05,False
OTYJY_FGMM01_PGCV_L1_DAY_20240111000000_V01.00.txt.org,20240111,0,0.010462641716003418,1.703737708029099e-05,False
OTYJY_FGMM01_PGCV_L1_DAY_20240112000000_V01.00.txt.org,20240112,0,0.030440496280789375,3.191153208514866e-05,False
OTYJY_FGMM01_PGCV_L1_DAY_20240113000000_V01.00.txt.org,20240113,0,0.046416740864515305,0.00013028677734247006,False
OTYJY_FGMM01_PGCV_L1_DAY_20240114000000_V01.00.txt.org,20240114,0,0.11248455941677094,0.00014163977983278842,False
OTYJY_FGMM01_PGCV_L1_DAY_20240115000000_V01.00.txt.org,20240115,0,0.2586304545402527,0.0001397379121816236,False
OTYJY_FGMM01_PGCV_L1_DAY_20240116000000_V01.00.txt.org,20240116,0,0.04903866723179817,5.511706515230682e-05,False
OTYJY_FGMM01_PGCV_L1_DAY_20240117000000_V01.00.txt.org,20240117,0,0.03912724182009697,6.233076772396563e-05,False
OTYJY_FGMM01_PGCV_L1_DAY_20240118000000_V01.00.txt.org,20240118,0,0.014787241816520691,4.781500281837564e-05,False
OTYJY_FGMM01_PGCV_L1_DAY_20240119000000_V01.00.txt.org,20240119,0,0.07886207103729248,0.00010060118929620911,False
OTYJY_FGMM01_PGCV_L1_DAY_20240120000000_V01.00.txt.org,20240120,0,0.05367077514529228,0.00018089741439278464,False
OTYJY_FGMM01_PGCV_L1_DAY_20240121000000_V01.00.txt.org,20240121,0,0.040820587426424026,0.00011402573207116811,False
OTYJY_FGMM01_PGCV_L1_DAY_20240122000000_V01.00.txt.org,20240122,0,0.2525935769081116,9.503354901603844e-05,False
OTYJY_FGMM01_PGCV_L1_DAY_20240123000000_V01.00.txt.org,20240123,0,0.08036953955888748,5.0207277819505786e-05,False
OTYJY_FGMM01_PGCV_L1_DAY_20240124000000_V01.00.txt.org,20240124,0,0.04423244297504425,2.7197078424719834e-05,False
OTYJY_FGMM01_PGCV_L1_DAY_20240125000000_V01.00.txt.org,20240125,0,0.05688592791557312,0.00014212348323353313,False
OTYJY_FGMM01_PGCV_L1_DAY_20240126000000_V01.00.txt.org,20240126,0,0.02022821269929409,2.1890267658830482e-05,False
OTYJY_FGMM01_PGCV_L1_DAY_20240127000000_V01.00.txt.org,20240127,0,0.06433487683534622,0.00018140302239204502,False
OTYJY_FGMM01_PGCV_L1_DAY_20240128000000_V01.00.txt.org,20240128,0,0.032629258930683136,0.00018396575872718751,False
OTYJY_FGMM01_PGCV_L1_DAY_20240129000000_V01.00.txt.org,20240129,0,0.02235453389585018,3.799955171380061e-05,False
OTYJY_FGMM01_PGCV_L1_DAY_20240130000000_V01.00.txt.org,20240130,0,0.01065763272345066,2.2296235836637523e-05,False
OTYJY_FGMM01_PGCV_L1_DAY_20240131000000_V01.00.txt.org,20240131,0,0.02074691466987133,3.132467551425544e-05,False
OTYJY_FGMM01_PGCV_L1_DAY_20240201000000_V01.00.txt.org,20240201,0,0.012723187915980816,2.371353333845173e-05,False
OTYJY_FGMM01_PGCV_L1_DAY_20240202000000_V01.00.txt.org,20240202,0,0.028673583641648293,5.087626261786628e-05,False
OTYJY_FGMM01_PGCV_L1_DAY_20240206000000_V01.00.txt.org,20240206,0,0.0118962861597538,3.854782735658673e-05,False
OTYJY_FGMM01_PGCV_L1_DAY_20240207000000_V01.00.txt.org,20240207,0,0.023546941578388214,2.9548157915854586e-05,False
OTYJY_FGMM01_PGCV_L1_DAY_20240208000000_V01.00.txt.org,20240208,0,0.04204602912068367,5.096491644664179e-05,False
OTYJY_FGMM01_PGCV_L1_DAY_20240209000000_V01.00.txt.org,20240209,0,0.02878115512430668,5.2047783215960876e-05,False
OTYJY_FGMM01_PGCV_L1_DAY_20240210000000_V01.00.txt.org,20240210,0,0.041829995810985565,0.00021361466889697033,False
OTYJY_FGMM01_PGCV_L1_DAY_20240211000000_V01.00.txt.org,20240211,0,0.04694747552275658,0.00024331446733354668,False
OTYJY_FGMM01_PGCV_L1_DAY_20240212000000_V01.00.txt.org,20240212,0,0.057688623666763306,0.00020906578176441373,False
OTYJY_FGMM01_PGCV_L1_DAY_20240213000000_V01.00.txt.org,20240213,0,0.06825332343578339,0.0001926428589318886,False
OTYJY_FGMM01_PGCV_L1_DAY_20240214000000_V01.00.txt.org,20240214,0,0.04442054033279419,0.00019780557762895254,False
OTYJY_FGMM01_PGCV_L1_DAY_20240215000000_V01.00.txt.org,20240215,0,0.1225302591919899,0.00025423867330347715,False
OTYJY_FGMM01_PGCV_L1_DAY_20240216000000_V01.00.txt.org,20240216,0,0.07714691758155823,0.00018362665271463467,False
OTYJY_FGMM01_PGCV_L1_DAY_20240218000000_V01.00.txt.org,20240218,0,0.037515755742788315,5.267432315493825e-05,False
OTYJY_FGMM01_PGCV_L1_DAY_20240219000000_V01.00.txt.org,20240219,0,0.02963443286716938,3.8266948802120654e-05,False
OTYJY_FGMM01_PGCV_L1_DAY_20240220000000_V01.00.txt.org,20240220,0,0.018320724368095398,6.078216067431935e-05,False
OTYJY_FGMM01_PGCV_L1_DAY_20240221000000_V01.00.txt.org,20240221,0,0.025016406551003456,3.4501189198335405e-05,False
OTYJY_FGMM01_PGCV_L1_DAY_20240222000000_V01.00.txt.org,20240222,0,0.01695230044424534,4.5805166511519667e-05,False
OTYJY_FGMM01_PGCV_L1_DAY_20240223000000_V01.00.txt.org,20240223,0,0.036069002002477646,5.475672217940539e-05,False
OTYJY_FGMM01_PGCV_L1_DAY_20240224000000_V01.00.txt.org,20240224,0,0.04248913377523422,0.00017236943130756772,False
OTYJY_FGMM01_PGCV_L1_DAY_20240225000000_V01.00.txt.org,20240225,0,0.054621752351522446,0.0001760580168637845,False
OTYJY_FGMM01_PGCV_L1_DAY_20240226000000_V01.00.txt.org,20240226,0,0.01605318672955036,2.6006504557439965e-05,False
OTYJY_FGMM01_PGCV_L1_DAY_20240227000000_V01.00.txt.org,20240227,0,0.020209791138768196,3.779435336590377e-05,False
OTYJY_FGMM01_PGCV_L1_DAY_20240228000000_V01.00.txt.org,20240228,0,0.014848846010863781,1.646106543083933e-05,False
OTYJY_FGMM01_PGCV_L1_DAY_20240229000000_V01.00.txt.org,20240229,0,0.006079513113945723,1.9144976354616477e-05,False
OTYJY_FGMM01_PGCV_L1_DAY_20240301000000_V01.00.txt.org,20240301,0,0.016036760061979294,4.2031930352338196e-05,False
OTYJY_FGMM01_PGCV_L1_DAY_20240302000000_V01.00.txt.org,20240302,0,0.03517448902130127,0.0001599557379756996,False
OTYJY_FGMM01_PGCV_L1_DAY_20240303000000_V01.00.txt.org,20240303,0,0.04239300638437271,0.00015507895242980924,False
OTYJY_FGMM01_PGCV_L1_DAY_20240304000000_V01.00.txt.org,20240304,0,0.011529659852385521,1.6773185096962453e-05,False
OTYJY_FGMM01_PGCV_L1_DAY_20240305000000_V01.00.txt.org,20240305,0,0.011645280756056309,2.4819099683536942e-05,False
OTYJY_FGMM01_PGCV_L1_DAY_20240306000000_V01.00.txt.org,20240306,0,0.03936203196644783,6.399230599943862e-05,False
OTYJY_FGMM01_PGCV_L1_DAY_20240307000000_V01.00.txt.org,20240307,0,0.019366301596164703,2.6034192179679246e-05,False
OTYJY_FGMM01_PGCV_L1_DAY_20240308000000_V01.00.txt.org,20240308,0,0.26982805132865906,0.0002165263731750817,False
OTYJY_FGMM01_PGCV_L1_DAY_20240309000000_V01.00.txt.org,20240309,0,0.14441543817520142,0.0002366548316266957,False
OTYJY_FGMM01_PGCV_L1_DAY_20240310000000_V01.00.txt.org,20240310,0,0.01974225416779518,9.044185580461128e-05,False
OTYJY_FGMM01_PGCV_L1_DAY_20240311000000_V01.00.txt.org,20240311,0,0.04063280671834946,4.17802287208053e-05,False
OTYJY_FGMM01_PGCV_L1_DAY_20240313000000_V01.00.txt.org,20240313,0,0.008846485987305641,2.019050885229983e-05,False
OTYJY_FGMM01_PGCV_L1_DAY_20240314000000_V01.00.txt.org,20240314,0,0.023470640182495117,1.7956314287200952e-05,False
OTYJY_FGMM01_PGCV_L1_DAY_20240315000000_V01.00.txt.org,20240315,0,0.28408029675483704,0.00012194983034697249,False
OTYJY_FGMM01_PGCV_L1_DAY_20240316000000_V01.00.txt.org,20240316,0,0.18860819935798645,0.00013467031123847627,False
OTYJY_FGMM01_PGCV_L1_DAY_20240317000000_V01.00.txt.org,20240317,0,0.04931183531880379,9.97417826732795e-05,False
OTYJY_FGMM01_PGCV_L1_DAY_20240318000000_V01.00.txt.org,20240318,0,0.026743825525045395,3.133282809828703e-05,False
OTYJY_FGMM01_PGCV_L1_DAY_20240319000000_V01.00.txt.org,20240319,0,0.028920207172632217,3.230507036625095e-05,False
OTYJY_FGMM01_PGCV_L1_DAY_20240320000000_V01.00.txt.org,20240320,0,0.0075120702385902405,1.0836500517487771e-05,False
OTYJY_FGMM01_PGCV_L1_DAY_20240321000000_V01.00.txt.org,20240321,0,0.011155990883708,1.871770182814862e-05,False
OTYJY_FGMM01_PGCV_L1_DAY_20240322000000_V01.00.txt.org,20240322,0,0.019863281399011612,2.9425995505379652e-05,False
OTYJY_FGMM01_PGCV_L1_DAY_20240323000000_V01.00.txt.org,20240323,0,0.08569829910993576,0.00012725079126485564,False
OTYJY_FGMM01_PGCV_L1_DAY_20240324000000_V01.00.txt.org,20240324,0,0.19274447858333588,0.000459522283001726,False
OTYJY_FGMM01_PGCV_L1_DAY_20240325000000_V01.00.txt.org,20240325,0,0.5641812086105347,0.002072835811853419,False
OTYJY_FGMM01_PGCV_L1_DAY_20240326000000_V01.00.txt.org,20240326,0,0.007522515952587128,1.9004268496133655e-05,False
OTYJY_FGMM01_PGCV_L1_DAY_20240327000000_V01.00.txt.org,20240327,0,0.040492597967386246,6.34654113716709e-05,False
OTYJY_FGMM01_PGCV_L1_DAY_20240328000000_V01.00.txt.org,20240328,0,0.4160414934158325,0.00020016008708825767,False
OTYJY_FGMM01_PGCV_L1_DAY_20240329000000_V01.00.txt.org,20240329,1,0.8507750630378723,0.0017553394022742476,True
OTYJY_FGMM01_PGCV_L1_DAY_20240330000000_V01.00.txt.org,20240330,1,0.9032526016235352,0.0006451346727623874,True
OTYJY_FGMM01_PGCV_L1_DAY_20240331000000_V01.00.txt.org,20240331,0,0.03372151032090187,0.0001455780483690915,False
OTYJY_FGMM01_PGCV_L1_DAY_20240401000000_V01.00.txt.org,20240401,0,0.0959581583738327,4.494623580200609e-05,False
OTYJY_FGMM01_PGCV_L1_DAY_20240402000000_V01.00.txt.org,20240402,0,0.227108433842659,0.00010447041532492207,False
OTYJY_FGMM01_PGCV_L1_DAY_20240403000000_V01.00.txt.org,20240403,0,0.23417286574840546,0.0001526546105651089,False
OTYJY_FGMM01_PGCV_L1_DAY_20240404000000_V01.00.txt.org,20240404,0,0.07797319442033768,0.0001256263581679066,False
OTYJY_FGMM01_PGCV_L1_DAY_20240407000000_V01.00.txt.org,20240407,0,0.7031311392784119,0.0007829228349741673,False
OTYJY_FGMM01_PGCV_L1_DAY_20240408000000_V01.00.txt.org,20240408,0,0.012754857540130615,2.185176520367338e-05,False
OTYJY_FGMM01_PGCV_L1_DAY_20240409000000_V01.00.txt.org,20240409,0,0.1107509434223175,8.490897573850125e-05,False
OTYJY_FGMM01_PGCV_L1_DAY_20240410000000_V01.00.txt.org,20240410,0,0.019294340163469315,2.0446090422617643e-05,False
OTYJY_FGMM01_PGCV_L1_DAY_20240411000000_V01.00.txt.org,20240411,0,0.03400507941842079,4.3856656614456866e-05,False
OTYJY_FGMM01_PGCV_L1_DAY_20240412000000_V01.00.txt.org,20240412,0,0.26260414719581604,0.0001649819090705895,False
OTYJY_FGMM01_PGCV_L1_DAY_20240413000000_V01.00.txt.org,20240413,0,0.16675832867622375,0.00022432828186414702,False
OTYJY_FGMM01_PGCV_L1_DAY_20240414000000_V01.00.txt.org,20240414,0,0.029640624299645424,6.423945540304575e-05,False
OTYJY_FGMM01_PGCV_L1_DAY_20240415000000_V01.00.txt.org,20240415,1,0.9297417402267456,0.000567742714400846,True
OTYJY_FGMM01_PGCV_L1_DAY_20240416000000_V01.00.txt.org,20240416,0,0.04370613396167755,3.420271219089992e-05,False
OTYJY_FGMM01_PGCV_L1_DAY_20240417000000_V01.00.txt.org,20240417,0,0.01601599156856537,1.5610554401697142e-05,False
OTYJY_FGMM01_PGCV_L1_DAY_20240419000000_V01.00.txt.org,20240419,0,0.03881916403770447,4.875504201208107e-05,False
OTYJY_FGMM01_PGCV_L1_DAY_20240420000000_V01.00.txt.org,20240420,0,0.04667447507381439,5.508221790197626e-05,False
OTYJY_FGMM01_PGCV_L1_DAY_20240421000000_V01.00.txt.org,20240421,0,0.010725717060267925,2.2358869264456265e-05,False
OTYJY_FGMM01_PGCV_L1_DAY_20240422000000_V01.00.txt.org,20240422,0,0.010173060931265354,5.539365870217527e-06,False
OTYJY_FGMM01_PGCV_L1_DAY_20240423000000_V01.00.txt.org,20240423,0,0.015090130269527435,7.426660180065706e-06,False
OTYJY_FGMM01_PGCV_L1_DAY_20240424000000_V01.00.txt.org,20240424,0,0.004265849944204092,3.302577811697076e-06,False
OTYJY_FGMM01_PGCV_L1_DAY_20240425000000_V01.00.txt.org,20240425,0,0.486789733171463,0.00022286087871522433,False
OTYJY_FGMM01_PGCV_L1_DAY_20240426000000_V01.00.txt.org,20240426,0,0.006835829000920057,6.6911533237046854e-06,False
OTYJY_FGMM01_PGCV_L1_DAY_20240427000000_V01.00.txt.org,20240427,0,0.005896689835935831,7.024991344602376e-06,False
OTYJY_FGMM01_PGCV_L1_DAY_20240428000000_V01.00.txt.org,20240428,0,0.12682540714740753,0.00010883903076355321,False
OTYJY_FGMM01_PGCV_L1_DAY_20240429000000_V01.00.txt.org,20240429,0,0.0016880905022844672,3.5661826992630023e-06,False
OTYJY_FGMM01_PGCV_L1_DAY_20240430000000_V01.00.txt.org,20240430,0,0.047213051468133926,4.3503616740464356e-05,False
OTYJY_FGMM01_PGCV_L1_DAY_20240501000000_V01.00.txt.org,20240501,0,0.04410911351442337,2.570655740193273e-05,False
OTYJY_FGMM01_PGCV_L1_DAY_20240502000000_V01.00.txt.org,20240502,0,0.029413213953375816,4.4998797324130403e-05,False
OTYJY_FGMM01_PGCV_L1_DAY_20240503000000_V01.00.txt.org,20240503,0,0.02191946841776371,3.820103256195537e-05,False
OTYJY_FGMM01_PGCV_L1_DAY_20240504000000_V01.00.txt.org,20240504,0,0.3408505320549011,0.00029226885517164675,False
OTYJY_FGMM01_PGCV_L1_DAY_20240505000000_V01.00.txt.org,20240505,0,0.059874847531318665,6.0743942610703865e-05,False
OTYJY_FGMM01_PGCV_L1_DAY_20240506000000_V01.00.txt.org,20240506,0,0.002497332403436303,3.144357327588949e-06,False
OTYJY_FGMM01_PGCV_L1_DAY_20240507000000_V01.00.txt.org,20240507,0,0.013824939727783203,1.4859153441675654e-05,False
OTYJY_FGMM01_PGCV_L1_DAY_20240508000000_V01.00.txt.org,20240508,0,0.701525866985321,0.0005344076930514695,False
OTYJY_FGMM01_PGCV_L1_DAY_20240509000000_V01.00.txt.org,20240509,0,0.003562773112207651,5.120546724984362e-06,False
OTYJY_FGMM01_PGCV_L1_DAY_20240510000000_V01.00.txt.org,20240510,0,0.7445791363716125,0.0035523446729436,False
OTYJY_FGMM01_PGCV_L1_DAY_20240511000000_V01.00.txt.org,20240511,0,0.7632158994674683,0.011070600909001504,False
OTYJY_FGMM01_PGCV_L1_DAY_20240512000000_V01.00.txt.org,20240512,1,0.8351492881774902,0.002890938675340111,True
OTYJY_FGMM01_PGCV_L1_DAY_20240513000000_V01.00.txt.org,20240513,0,0.13211886584758759,0.0006128344572432767,False
OTYJY_FGMM01_PGCV_L1_DAY_20240514000000_V01.00.txt.org,20240514,0,0.0468725822865963,2.807218302055633e-05,False
OTYJY_FGMM01_PGCV_L1_DAY_20240515000000_V01.00.txt.org,20240515,0,0.02478749491274357,1.5152679950377005e-05,False
OTYJY_FGMM01_PGCV_L1_DAY_20240516000000_V01.00.txt.org,20240516,0,0.0068892850540578365,8.364680960310143e-06,False
OTYJY_FGMM01_PGCV_L1_DAY_20240517000000_V01.00.txt.org,20240517,0,0.0095104044303298,1.7248194427817797e-05,False
OTYJY_FGMM01_PGCV_L1_DAY_20240518000000_V01.00.txt.org,20240518,0,0.007551117800176144,8.377920239093697e-06,False
OTYJY_FGMM01_PGCV_L1_DAY_20240519000000_V01.00.txt.org,20240519,0,0.026304949074983597,2.0763126741369425e-05,False
OTYJY_FGMM01_PGCV_L1_DAY_20240520000000_V01.00.txt.org,20240520,0,0.0003187498659826815,8.11035659455787e-07,False
OTYJY_FGMM01_PGCV_L1_DAY_20240521000000_V01.00.txt.org,20240521,0,0.0029636798426508904,2.4996905740148234e-06,False
OTYJY_FGMM01_PGCV_L1_DAY_20240522000000_V01.00.txt.org,20240522,0,0.2780526280403137,0.00010653229744853972,False
OTYJY_FGMM01_PGCV_L1_DAY_20240523000000_V01.00.txt.org,20240523,0,0.29416531324386597,0.0001240094039371815,False
OTYJY_FGMM01_PGCV_L1_DAY_20240524000000_V01.00.txt.org,20240524,0,0.09100006520748138,6.260043075006216e-05,False
OTYJY_FGMM01_PGCV_L1_DAY_20240525000000_V01.00.txt.org,20240525,0,0.004949662368744612,9.110752546606618e-06,False
OTYJY_FGMM01_PGCV_L1_DAY_20240526000000_V01.00.txt.org,20240526,0,0.012857766821980476,1.7619100148631093e-05,False
OTYJY_FGMM01_PGCV_L1_DAY_20240527000000_V01.00.txt.org,20240527,0,0.033641815185546875,3.2403226873811744e-05,False
OTYJY_FGMM01_PGCV_L1_DAY_20240528000000_V01.00.txt.org,20240528,0,0.0017602074658498168,3.2738305885693377e-06,False
OTYJY_FGMM01_PGCV_L1_DAY_20240529000000_V01.00.txt.org,20240529,0,0.001079905079677701,3.2139132774997812e-06,False
OTYJY_FGMM01_PGCV_L1_DAY_20240530000000_V01.00.txt.org,20240530,0,0.011671720072627068,1.282930276152877e-05,False
OTYJY_FGMM01_PGCV_L1_DAY_20240531000000_V01.00.txt.org,20240531,0,0.0205231923609972,1.0354354620204849e-05,False
OTYJY_FGMM01_PGCV_L1_DAY_20240601000000_V01.00.txt.org,20240601,0,0.06475861370563507,7.058363688451898e-05,False
OTYJY_FGMM01_PGCV_L1_DAY_20240602000000_V01.00.txt.org,20240602,0,0.008340415544807911,1.9712930579179172e-05,False
OTYJY_FGMM01_PGCV_L1_DAY_20240603000000_V01.00.txt.org,20240603,1,0.8359317183494568,0.0006052694787693811,True
OTYJY_FGMM01_PGCV_L1_DAY_20240604000000_V01.00.txt.org,20240604,1,0.896772563457489,0.0014164612740412083,True
OTYJY_FGMM01_PGCV_L1_DAY_20240605000000_V01.00.txt.org,20240605,0,0.35625582933425903,0.00014883550702270235,False
OTYJY_FGMM01_PGCV_L1_DAY_20240606000000_V01.00.txt.org,20240606,0,0.08098098635673523,5.089110666380239e-05,False
OTYJY_FGMM01_PGCV_L1_DAY_20240608000000_V01.00.txt.org,20240608,0,0.02580704353749752,4.584563363848441e-05,False
OTYJY_FGMM01_PGCV_L1_DAY_20240609000000_V01.00.txt.org,20240609,0,0.06394614279270172,7.335040873689965e-05,False
OTYJY_FGMM01_PGCV_L1_DAY_20240610000000_V01.00.txt.org,20240610,0,0.032081570476293564,7.451817442044217e-05,False
OTYJY_FGMM01_PGCV_L1_DAY_20240611000000_V01.00.txt.org,20240611,0,0.03538551181554794,3.526646912012847e-05,False
OTYJY_FGMM01_PGCV_L1_DAY_20240612000000_V01.00.txt.org,20240612,0,0.7061663269996643,0.0005654418613469895,False
OTYJY_FGMM01_PGCV_L1_DAY_20240613000000_V01.00.txt.org,20240613,1,0.835420548915863,0.000466708164197802,True
OTYJY_FGMM01_PGCV_L1_DAY_20240614000000_V01.00.txt.org,20240614,1,0.8722584247589111,0.0017115916545994943,True
OTYJY_FGMM01_PGCV_L1_DAY_20240615000000_V01.00.txt.org,20240615,2,0.9034919142723083,0.0031680634867962652,True
OTYJY_FGMM01_PGCV_L1_DAY_20240616000000_V01.00.txt.org,20240616,0,0.7045437693595886,0.0013523723035758445,False
OTYJY_FGMM01_PGCV_L1_DAY_20240617000000_V01.00.txt.org,20240617,0,0.7278671860694885,0.001760882984520171,False
OTYJY_FGMM01_PGCV_L1_DAY_20240618000000_V01.00.txt.org,20240618,0,0.7730830907821655,0.0023128990047703545,False
OTYJY_FGMM01_PGCV_L1_DAY_20240619000000_V01.00.txt.org,20240619,1,0.8102264404296875,0.0010037022324667114,True
OTYJY_FGMM01_PGCV_L1_DAY_20240620000000_V01.00.txt.org,20240620,0,0.6297009587287903,0.0006601225716808365,False
OTYJY_FGMM01_PGCV_L1_DAY_20240621000000_V01.00.txt.org,20240621,0,0.008706510998308659,1.658796668223885e-05,False
OTYJY_FGMM01_PGCV_L1_DAY_20240625000000_V01.00.txt.org,20240625,0,0.019708042964339256,3.579074000082483e-05,False
OTYJY_FGMM01_PGCV_L1_DAY_20240626000000_V01.00.txt.org,20240626,1,0.8446292877197266,0.000656389883215362,True
OTYJY_FGMM01_PGCV_L1_DAY_20240627000000_V01.00.txt.org,20240627,0,0.4410122036933899,0.0003200191780355089,False
OTYJY_FGMM01_PGCV_L1_DAY_20240705000000_V01.00.txt.org,20240705,0,0.029499366879463196,8.78464588951815e-05,False
OTYJY_FGMM01_PGCV_L1_DAY_20240710000000_V01.00.txt.org,20240710,0,0.05236874893307686,0.00011319761718387025,False
OTYJY_FGMM01_PGCV_L1_DAY_20240711000000_V01.00.txt.org,20240711,0,0.6897143125534058,0.0003423081601118216,False
OTYJY_FGMM01_PGCV_L1_DAY_20240712000000_V01.00.txt.org,20240712,0,0.05296115577220917,8.012886391562533e-05,False
OTYJY_FGMM01_PGCV_L1_DAY_20240714000000_V01.00.txt.org,20240714,0,0.06059333309531212,0.0005110155863258585,False
OTYJY_FGMM01_PGCV_L1_DAY_20240715000000_V01.00.txt.org,20240715,0,0.03836582601070404,9.191251410941407e-05,False
OTYJY_FGMM01_PGCV_L1_DAY_20240716000000_V01.00.txt.org,20240716,0,0.23680636286735535,0.0001927424979933798,False
OTYJY_FGMM01_PGCV_L1_DAY_20240717000000_V01.00.txt.org,20240717,0,0.07140391319990158,0.0001048745345165429,False
OTYJY_FGMM01_PGCV_L1_DAY_20240718000000_V01.00.txt.org,20240718,0,0.10626281797885895,0.00011277899659949254,False
OTYJY_FGMM01_PGCV_L1_DAY_20240719000000_V01.00.txt.org,20240719,0,0.05256874859333038,0.00012675911411141674,False
OTYJY_FGMM01_PGCV_L1_DAY_20240720000000_V01.00.txt.org,20240720,0,0.07775603234767914,0.0005658770261951438,False
OTYJY_FGMM01_PGCV_L1_DAY_20240721000000_V01.00.txt.org,20240721,0,0.025850843638181686,0.00011438940531032822,False
OTYJY_FGMM01_PGCV_L1_DAY_20240722000000_V01.00.txt.org,20240722,0,0.004106427542865276,1.447328603877268e-05,False
OTYJY_FGMM01_PGCV_L1_DAY_20240723000000_V01.00.txt.org,20240723,0,0.012854130007326603,2.3236046815842092e-05,False
OTYJY_FGMM01_PGCV_L1_DAY_20240724000000_V01.00.txt.org,20240724,0,0.015733521431684494,2.1007883061605725e-05,False
OTYJY_FGMM01_PGCV_L1_DAY_20240726000000_V01.00.txt.org,20240726,0,0.5116470456123352,0.0002716719483105936,False
OTYJY_FGMM01_PGCV_L1_DAY_20240727000000_V01.00.txt.org,20240727,0,0.049573156982660294,0.00014325929200951628,False
OTYJY_FGMM01_PGCV_L1_DAY_20240728000000_V01.00.txt.org,20240728,0,0.038833845406770706,7.216807463470594e-05,False
OTYJY_FGMM01_PGCV_L1_DAY_20240729000000_V01.00.txt.org,20240729,0,0.10167882591485977,4.299710331416071e-05,False
OTYJY_FGMM01_PGCV_L1_DAY_20240730000000_V01.00.txt.org,20240730,0,0.07986526936292648,0.00012285469955693537,False
OTYJY_FGMM01_PGCV_L1_DAY_20240731000000_V01.00.txt.org,20240731,0,0.051500122994184494,7.892047472184903e-05,False
OTYJY_FGMM01_PGCV_L1_DAY_20240801000000_V01.00.txt.org,20240801,0,0.16549475491046906,0.0001048460248303733,False
OTYJY_FGMM01_PGCV_L1_DAY_20240802000000_V01.00.txt.org,20240802,0,0.02406793087720871,3.4122026214905006e-05,False
OTYJY_FGMM01_PGCV_L1_DAY_20240803000000_V01.00.txt.org,20240803,0,0.034949783235788345,0.00012199830678335499,False
OTYJY_FGMM01_PGCV_L1_DAY_20240804000000_V01.00.txt.org,20240804,0,0.2708216905593872,0.00039341902947050806,False
OTYJY_FGMM01_PGCV_L1_DAY_20240806000000_V01.00.txt.org,20240806,0,0.7430235147476196,0.000364635667658191,False
OTYJY_FGMM01_PGCV_L1_DAY_20240807000000_V01.00.txt.org,20240807,0,0.048198431730270386,5.687703607710894e-05,False
OTYJY_FGMM01_PGCV_L1_DAY_20240808000000_V01.00.txt.org,20240808,0,0.011722478084266186,3.3091080137332505e-05,False
OTYJY_FGMM01_PGCV_L1_DAY_20240809000000_V01.00.txt.org,20240809,0,0.020520130172371864,2.916442229822961e-05,False
OTYJY_FGMM01_PGCV_L1_DAY_20240810000000_V01.00.txt.org,20240810,0,0.42593955993652344,0.003436564962887477,False
OTYJY_FGMM01_PGCV_L1_DAY_20240811000000_V01.00.txt.org,20240811,0,0.30308160185813904,0.003633243900939712,False
OTYJY_FGMM01_PGCV_L1_DAY_20240812000000_V01.00.txt.org,20240812,0,0.7576102614402771,0.0037331268698750746,False
OTYJY_FGMM01_PGCV_L1_DAY_20240813000000_V01.00.txt.org,20240813,0,0.053763654083013535,0.00014480408582658854,False
OTYJY_FGMM01_PGCV_L1_DAY_20240814000000_V01.00.txt.org,20240814,0,0.059233859181404114,6.835435163352299e-05,False
OTYJY_FGMM01_PGCV_L1_DAY_20240815000000_V01.00.txt.org,20240815,0,0.049674760550260544,5.7117804772327394e-05,False
OTYJY_FGMM01_PGCV_L1_DAY_20240816000000_V01.00.txt.org,20240816,0,0.015785228461027145,3.3261575722102715e-05,False
OTYJY_FGMM01_PGCV_L1_DAY_20240817000000_V01.00.txt.org,20240817,0,0.3587939739227295,0.0003176114575406726,False
OTYJY_FGMM01_PGCV_L1_DAY_20240818000000_V01.00.txt.org,20240818,0,0.0829334557056427,0.00019163901433686165,False
OTYJY_FGMM01_PGCV_L1_DAY_20240819000000_V01.00.txt.org,20240819,0,0.00556239765137434,1.5786172350012267e-05,False
OTYJY_FGMM01_PGCV_L1_DAY_20240820000000_V01.00.txt.org,20240820,0,0.02117042988538742,3.0349292734960906e-05,False
OTYJY_FGMM01_PGCV_L1_DAY_20240821000000_V01.00.txt.org,20240821,0,0.024155009537935257,1.8481330531081395e-05,False
OTYJY_FGMM01_PGCV_L1_DAY_20240822000000_V01.00.txt.org,20240822,0,0.01442757248878479,1.7050915915583636e-05,False
OTYJY_FGMM01_PGCV_L1_DAY_20240823000000_V01.00.txt.org,20240823,0,0.013207389041781425,2.3096896911359887e-05,False
OTYJY_FGMM01_PGCV_L1_DAY_20240824000000_V01.00.txt.org,20240824,0,0.013976040296256542,7.445842226928868e-05,False
OTYJY_FGMM01_PGCV_L1_DAY_20240825000000_V01.00.txt.org,20240825,0,0.060297489166259766,0.00011978738728357231,False
OTYJY_FGMM01_PGCV_L1_DAY_20240826000000_V01.00.txt.org,20240826,0,0.06086844950914383,4.705875143372603e-05,False
OTYJY_FGMM01_PGCV_L1_DAY_20240827000000_V01.00.txt.org,20240827,0,0.0126185966655612,2.452188241079743e-05,False
OTYJY_FGMM01_PGCV_L1_DAY_20240828000000_V01.00.txt.org,20240828,0,0.01260612066835165,2.4307446606516258e-05,False
OTYJY_FGMM01_PGCV_L1_DAY_20240829000000_V01.00.txt.org,20240829,0,0.012503733858466148,1.0964902843830654e-05,False
OTYJY_FGMM01_PGCV_L1_DAY_20240830000000_V01.00.txt.org,20240830,0,0.03154689818620682,5.120373311906549e-05,False
OTYJY_FGMM01_PGCV_L1_DAY_20240831000000_V01.00.txt.org,20240831,0,0.02007848583161831,5.797422920211349e-05,False
OTYJY_FGMM01_PGCV_L1_DAY_20240901000000_V01.00.txt.org,20240901,0,0.02072885073721409,9.275702961709569e-05,False
OTYJY_FGMM01_PGCV_L1_DAY_20240903000000_V01.00.txt.org,20240903,0,0.002402769634500146,5.80809636495537e-06,False
OTYJY_FGMM01_PGCV_L1_DAY_20240904000000_V01.00.txt.org,20240904,0,0.20736610889434814,0.00011049376895712595,False
OTYJY_FGMM01_PGCV_L1_DAY_20240905000000_V01.00.txt.org,20240905,0,0.015156585723161697,2.8016552574934913e-05,False
OTYJY_FGMM01_PGCV_L1_DAY_20240906000000_V01.00.txt.org,20240906,0,0.01948573812842369,2.2269516341390386e-05,False
OTYJY_FGMM01_PGCV_L1_DAY_20240907000000_V01.00.txt.org,20240907,0,0.05147469416260719,0.00012830442402609707,False
OTYJY_FGMM01_PGCV_L1_DAY_20240908000000_V01.00.txt.org,20240908,0,0.03326017037034035,7.933645058971013e-05,False
OTYJY_FGMM01_PGCV_L1_DAY_20240909000000_V01.00.txt.org,20240909,0,0.0340563990175724,3.039025313317759e-05,False
OTYJY_FGMM01_PGCV_L1_DAY_20240910000000_V01.00.txt.org,20240910,0,0.114053875207901,7.948997121682385e-05,False
OTYJY_FGMM01_PGCV_L1_DAY_20240911000000_V01.00.txt.org,20240911,0,0.08615516126155853,6.496851426863511e-05,False
OTYJY_FGMM01_PGCV_L1_DAY_20240912000000_V01.00.txt.org,20240912,0,0.31559884548187256,0.0009533747255424974,False
OTYJY_FGMM01_PGCV_L1_DAY_20240913000000_V01.00.txt.org,20240913,6,0.9816942811012268,0.007284795804396062,True
OTYJY_FGMM01_PGCV_L1_DAY_20240914000000_V01.00.txt.org,20240914,2,0.9637864232063293,0.005200265303038012,True
OTYJY_FGMM01_PGCV_L1_DAY_20240915000000_V01.00.txt.org,20240915,2,0.9440168142318726,0.005440490330259899,True
OTYJY_FGMM01_PGCV_L1_DAY_20240916000000_V01.00.txt.org,20240916,0,0.726833701133728,0.0005496635684350251,False
OTYJY_FGMM01_PGCV_L1_DAY_20240917000000_V01.00.txt.org,20240917,0,0.11865066736936569,0.00019891724223020392,False
OTYJY_FGMM01_PGCV_L1_DAY_20240918000000_V01.00.txt.org,20240918,0,0.12121453136205673,0.000127867975179955,False
OTYJY_FGMM01_PGCV_L1_DAY_20240919000000_V01.00.txt.org,20240919,0,0.33222734928131104,0.0008546134210843188,False
OTYJY_FGMM01_PGCV_L1_DAY_20240920000000_V01.00.txt.org,20240920,1,0.9517388343811035,0.0035210153239407962,True
OTYJY_FGMM01_PGCV_L1_DAY_20240921000000_V01.00.txt.org,20240921,0,0.15227526426315308,0.00015066636036640594,False
OTYJY_FGMM01_PGCV_L1_DAY_20240922000000_V01.00.txt.org,20240922,0,0.2894136607646942,0.0004935187236744957,False
OTYJY_FGMM01_PGCV_L1_DAY_20240923000000_V01.00.txt.org,20240923,0,0.28865987062454224,0.00021393328944274337,False
OTYJY_FGMM01_PGCV_L1_DAY_20240924000000_V01.00.txt.org,20240924,0,0.39618057012557983,0.00027209847705395924,False
OTYJY_FGMM01_PGCV_L1_DAY_20240925000000_V01.00.txt.org,20240925,0,0.08577839285135269,5.309063439499475e-05,False
OTYJY_FGMM01_PGCV_L1_DAY_20240926000000_V01.00.txt.org,20240926,0,0.05007323622703552,2.6683982440155685e-05,False
OTYJY_FGMM01_PGCV_L1_DAY_20240928000000_V01.00.txt.org,20240928,0,0.07930149137973785,4.1400911032595856e-05,False
OTYJY_FGMM01_PGCV_L1_DAY_20240929000000_V01.00.txt.org,20240929,0,0.058313194662332535,2.748782910124967e-05,False
OTYJY_FGMM01_PGCV_L1_DAY_20240930000000_V01.00.txt.org,20240930,0,0.08453444391489029,0.0002972011751090025,False
OTYJY_FGMM01_PGCV_L1_DAY_20241001000000_V01.00.txt.org,20241001,3,0.8809686303138733,0.004893510514403284,True
OTYJY_FGMM01_PGCV_L1_DAY_20241003000000_V01.00.txt.org,20241003,3,0.9233120679855347,0.0032421661836386177,True
OTYJY_FGMM01_PGCV_L1_DAY_20241004000000_V01.00.txt.org,20241004,3,0.9560450315475464,0.001781663606429854,True
OTYJY_FGMM01_PGCV_L1_DAY_20241005000000_V01.00.txt.org,20241005,0,0.027570780366659164,3.056719420368129e-05,False
OTYJY_FGMM01_PGCV_L1_DAY_20241006000000_V01.00.txt.org,20241006,6,0.9912599921226501,0.007718566236230487,True
OTYJY_FGMM01_PGCV_L1_DAY_20241007000000_V01.00.txt.org,20241007,5,0.9896944761276245,0.005639438255737633,True
OTYJY_FGMM01_PGCV_L1_DAY_20241008000000_V01.00.txt.org,20241008,10,0.9901309013366699,0.01177455294556095,True
OTYJY_FGMM01_PGCV_L1_DAY_20241009000000_V01.00.txt.org,20241009,0,0.0435563288629055,0.00010004913420630359,False
OTYJY_FGMM01_PGCV_L1_DAY_20241010000000_V01.00.txt.org,20241010,1,0.8810948729515076,0.002291167727269149,True
OTYJY_FGMM01_PGCV_L1_DAY_20241011000000_V01.00.txt.org,20241011,3,0.9065786004066467,0.0025722010157627696,True
OTYJY_FGMM01_PGCV_L1_DAY_20241012000000_V01.00.txt.org,20241012,0,0.3572288751602173,0.0003824182470202865,False
OTYJY_FGMM01_PGCV_L1_DAY_20241013000000_V01.00.txt.org,20241013,0,0.7122047543525696,0.0009343403003554481,False
OTYJY_FGMM01_PGCV_L1_DAY_20241014000000_V01.00.txt.org,20241014,2,0.9738751649856567,0.0017851573107729593,True
OTYJY_FGMM01_PGCV_L1_DAY_20241016000000_V01.00.txt.org,20241016,0,0.3817650079727173,0.0003167946696106826,False
OTYJY_FGMM01_PGCV_L1_DAY_20241017000000_V01.00.txt.org,20241017,0,0.0675855502486229,0.00015364126526047948,False
OTYJY_FGMM01_PGCV_L1_DAY_20241018000000_V01.00.txt.org,20241018,0,0.13638976216316223,0.00027141245439174375,False
OTYJY_FGMM01_PGCV_L1_DAY_20241019000000_V01.00.txt.org,20241019,0,0.07421636581420898,0.00024340605470376498,False
OTYJY_FGMM01_PGCV_L1_DAY_20241020000000_V01.00.txt.org,20241020,0,0.2202434092760086,0.0004238051764296158,False
OTYJY_FGMM01_PGCV_L1_DAY_20241021000000_V01.00.txt.org,20241021,0,0.09461812674999237,0.00021796288386580984,False
OTYJY_FGMM01_PGCV_L1_DAY_20241022000000_V01.00.txt.org,20241022,0,0.23907172679901123,0.0002472204764540003,False
OTYJY_FGMM01_PGCV_L1_DAY_20241023000000_V01.00.txt.org,20241023,0,0.04842768609523773,0.00017392017910792832,False
OTYJY_FGMM01_PGCV_L1_DAY_20241024000000_V01.00.txt.org,20241024,0,0.04939597472548485,0.00018429751692215513,False
OTYJY_FGMM01_PGCV_L1_DAY_20241025000000_V01.00.txt.org,20241025,0,0.04533302038908005,0.00010368454322604071,False
OTYJY_FGMM01_PGCV_L1_DAY_20241026000000_V01.00.txt.org,20241026,0,0.10215044021606445,0.00026284759215920223,False
OTYJY_FGMM01_PGCV_L1_DAY_20241027000000_V01.00.txt.org,20241027,0,0.2460172027349472,0.0003362814095698662,False
OTYJY_FGMM01_PGCV_L1_DAY_20241028000000_V01.00.txt.org,20241028,0,0.06835857778787613,0.0001432228256805207,False
OTYJY_FGMM01_PGCV_L1_DAY_20241029000000_V01.00.txt.org,20241029,0,0.0729757696390152,0.0001999461436448847,False
OTYJY_FGMM01_PGCV_L1_DAY_20241030000000_V01.00.txt.org,20241030,0,0.03347640857100487,0.00012657877449563933,False
OTYJY_FGMM01_PGCV_L1_DAY_20241031000000_V01.00.txt.org,20241031,0,0.0838966891169548,9.068098813962461e-05,False
OTYJY_FGMM01_PGCV_L1_DAY_20241101000000_V01.00.txt.org,20241101,0,0.05286148563027382,0.00014694122727920662,False
OTYJY_FGMM01_PGCV_L1_DAY_20241102000000_V01.00.txt.org,20241102,0,0.15150275826454163,0.00048182576397743683,False
OTYJY_FGMM01_PGCV_L1_DAY_20241103000000_V01.00.txt.org,20241103,0,0.18345534801483154,0.00040185400021824637,False
OTYJY_FGMM01_PGCV_L1_DAY_20241104000000_V01.00.txt.org,20241104,0,0.06796057522296906,0.00020335616275624018,False
OTYJY_FGMM01_PGCV_L1_DAY_20241105000000_V01.00.txt.org,20241105,0,0.024755828082561493,0.0001601210572644071,False
OTYJY_FGMM01_PGCV_L1_DAY_20241106000000_V01.00.txt.org,20241106,0,0.04036841168999672,0.00013480538668198943,False
OTYJY_FGMM01_PGCV_L1_DAY_20241107000000_V01.00.txt.org,20241107,0,0.04709492623806,0.0001648447668337974,False
OTYJY_FGMM01_PGCV_L1_DAY_20241108000000_V01.00.txt.org,20241108,0,0.1254461258649826,0.0002495392054101195,False
OTYJY_FGMM01_PGCV_L1_DAY_20241109000000_V01.00.txt.org,20241109,0,0.10805674642324448,0.0003203555664896878,False
OTYJY_FGMM01_PGCV_L1_DAY_20241110000000_V01.00.txt.org,20241110,0,0.15433533489704132,0.00041897094289491103,False
OTYJY_FGMM01_PGCV_L1_DAY_20241112000000_V01.00.txt.org,20241112,0,0.06507369875907898,0.0002057368183191331,False
OTYJY_FGMM01_PGCV_L1_DAY_20241114000000_V01.00.txt.org,20241114,0,0.05591440200805664,0.00020492364384143503,False
OTYJY_FGMM01_PGCV_L1_DAY_20241115000000_V01.00.txt.org,20241115,0,0.1440262794494629,0.00031456694216262104,False
OTYJY_FGMM01_PGCV_L1_DAY_20241116000000_V01.00.txt.org,20241116,0,0.11617296189069748,0.000639844385195082,False
OTYJY_FGMM01_PGCV_L1_DAY_20241117000000_V01.00.txt.org,20241117,0,0.1790943145751953,0.0006176729647779664,False
OTYJY_FGMM01_PGCV_L1_DAY_20241121000000_V01.00.txt.org,20241121,0,0.7765946388244629,0.004492752954577273,False
OTYJY_FGMM01_PGCV_L1_DAY_20241122000000_V01.00.txt.org,20241122,0,0.6639478802680969,0.005224441915270457,False
OTYJY_FGMM01_PGCV_L1_DAY_20241123000000_V01.00.txt.org,20241123,0,0.5547235012054443,0.010686212696620177,False
OTYJY_FGMM01_PGCV_L1_DAY_20241124000000_V01.00.txt.org,20241124,0,0.5253129601478577,0.00985964266510148,False
OTYJY_FGMM01_PGCV_L1_DAY_20241125000000_V01.00.txt.org,20241125,0,0.6412164568901062,0.004027613500947017,False
OTYJY_FGMM01_PGCV_L1_DAY_20241126000000_V01.00.txt.org,20241126,0,0.47341233491897583,0.00391759834717034,False
OTYJY_FGMM01_PGCV_L1_DAY_20241127000000_V01.00.txt.org,20241127,0,0.5229102373123169,0.003992040934198254,False
OTYJY_FGMM01_PGCV_L1_DAY_20241128000000_V01.00.txt.org,20241128,0,0.5724865794181824,0.004012263378047916,False
OTYJY_FGMM01_PGCV_L1_DAY_20241129000000_V01.00.txt.org,20241129,0,0.5927765965461731,0.006065124224541597,False
OTYJY_FGMM01_PGCV_L1_DAY_20241130000000_V01.00.txt.org,20241130,0,0.4979096055030823,0.010507853886979246,False
OTYJY_FGMM01_PGCV_L1_DAY_20241201000000_V01.00.txt.org,20241201,0,0.7549766898155212,0.01158271957546341,False
OTYJY_FGMM01_PGCV_L1_DAY_20241203000000_V01.00.txt.org,20241203,0,0.5904996991157532,0.0046444597215646016,False
OTYJY_FGMM01_PGCV_L1_DAY_20241204000000_V01.00.txt.org,20241204,0,0.5688284635543823,0.004181102311358438,False
OTYJY_FGMM01_PGCV_L1_DAY_20241206000000_V01.00.txt.org,20241206,0,0.6980166435241699,0.004641802127488522,False
OTYJY_FGMM01_PGCV_L1_DAY_20241207000000_V01.00.txt.org,20241207,0,0.6104530096054077,0.010706580976012799,False
OTYJY_FGMM01_PGCV_L1_DAY_20241208000000_V01.00.txt.org,20241208,0,0.4766513407230377,0.008591841087556755,False
OTYJY_FGMM01_PGCV_L1_DAY_20241209000000_V01.00.txt.org,20241209,0,0.3376920521259308,0.0034998880507247677,False
OTYJY_FGMM01_PGCV_L1_DAY_20241210000000_V01.00.txt.org,20241210,0,0.33893945813179016,0.0034702788862661965,False
OTYJY_FGMM01_PGCV_L1_DAY_20241211000000_V01.00.txt.org,20241211,0,0.7986623644828796,0.004855991819906821,False
OTYJY_FGMM01_PGCV_L1_DAY_20241212000000_V01.00.txt.org,20241212,0,0.34710583090782166,0.00436645429625822,False
OTYJY_FGMM01_PGCV_L1_DAY_20241213000000_V01.00.txt.org,20241213,0,0.5994794964790344,0.005836949971766059,False
OTYJY_FGMM01_PGCV_L1_DAY_20241214000000_V01.00.txt.org,20241214,0,0.3160875141620636,0.002362929991512691,False
OTYJY_FGMM01_PGCV_L1_DAY_20241215000000_V01.00.txt.org,20241215,0,0.6213405132293701,0.010373727148805256,False
OTYJY_FGMM01_PGCV_L1_DAY_20241216000000_V01.00.txt.org,20241216,1,0.929203450679779,0.0048417822865503175,True
OTYJY_FGMM01_PGCV_L1_DAY_20241217000000_V01.00.txt.org,20241217,0,0.6218913793563843,0.005791924313901267,False
OTYJY_FGMM01_PGCV_L1_DAY_20241218000000_V01.00.txt.org,20241218,0,0.5550687313079834,0.004507455771455762,False
OTYJY_FGMM01_PGCV_L1_DAY_20241219000000_V01.00.txt.org,20241219,0,0.32479220628738403,0.0036792368456304166,False
OTYJY_FGMM01_PGCV_L1_DAY_20241220000000_V01.00.txt.org,20241220,0,0.639229416847229,0.004338225858376177,False
OTYJY_FGMM01_PGCV_L1_DAY_20241221000000_V01.00.txt.org,20241221,0,0.4145928621292114,0.00871344971685287,False
OTYJY_FGMM01_PGCV_L1_DAY_20241222000000_V01.00.txt.org,20241222,0,0.3450968563556671,0.008573444554156363,False
OTYJY_FGMM01_PGCV_L1_DAY_20241223000000_V01.00.txt.org,20241223,0,0.405939519405365,0.004085816463024552,False
OTYJY_FGMM01_PGCV_L1_DAY_20241224000000_V01.00.txt.org,20241224,0,0.5088786482810974,0.004148288693536566,False
OTYJY_FGMM01_PGCV_L1_DAY_20241225000000_V01.00.txt.org,20241225,0,0.6139006018638611,0.0040339280352546586,False
OTYJY_FGMM01_PGCV_L1_DAY_20241226000000_V01.00.txt.org,20241226,0,0.547989547252655,0.0047879439594307694,False
OTYJY_FGMM01_PGCV_L1_DAY_20241227000000_V01.00.txt.org,20241227,0,0.43924885988235474,0.003950106785289326,False
OTYJY_FGMM01_PGCV_L1_DAY_20241228000000_V01.00.txt.org,20241228,0,0.49073582887649536,0.008669259221788718,False
OTYJY_FGMM01_PGCV_L1_DAY_20241229000000_V01.00.txt.org,20241229,0,0.4961511492729187,0.009095849321864096,False
OTYJY_FGMM01_PGCV_L1_DAY_20241230000000_V01.00.txt.org,20241230,0,0.36730626225471497,0.003994583330466978,False
OTYJY_FGMM01_PGCV_L1_DAY_20250101000000_V01.00.txt.org,20250101,0,0.4908962547779083,0.010333101032648315,False
OTYJY_FGMM01_PGCV_L1_DAY_20250102000000_V01.00.txt.org,20250102,0,0.653397262096405,0.004700437161636098,False
OTYJY_FGMM01_PGCV_L1_DAY_20250103000000_V01.00.txt.org,20250103,0,0.6047859191894531,0.0050354520420882185,False
OTYJY_FGMM01_PGCV_L1_DAY_20250104000000_V01.00.txt.org,20250104,0,0.5228756666183472,0.011003364315625179,False
OTYJY_FGMM01_PGCV_L1_DAY_20250105000000_V01.00.txt.org,20250105,0,0.6136000156402588,0.008996810990679675,False
OTYJY_FGMM01_PGCV_L1_DAY_20250106000000_V01.00.txt.org,20250106,0,0.5716782808303833,0.004044295332006825,False
OTYJY_FGMM01_PGCV_L1_DAY_20250109000000_V01.00.txt.org,20250109,0,0.663724958896637,0.004082728321325007,False
OTYJY_FGMM01_PGCV_L1_DAY_20250110000000_V01.00.txt.org,20250110,0,0.3782413899898529,0.004061459570756493,False
OTYJY_FGMM01_PGCV_L1_DAY_20250111000000_V01.00.txt.org,20250111,0,0.5063070058822632,0.010036893460438519,False
OTYJY_FGMM01_PGCV_L1_DAY_20250112000000_V01.00.txt.org,20250112,0,0.46593397855758667,0.009483378097898447,False
OTYJY_FGMM01_PGCV_L1_DAY_20250113000000_V01.00.txt.org,20250113,0,0.7262803912162781,0.003938269241896871,False
OTYJY_FGMM01_PGCV_L1_DAY_20250114000000_V01.00.txt.org,20250114,0,0.6833288669586182,0.003667365709663865,False
OTYJY_FGMM01_PGCV_L1_DAY_20250116000000_V01.00.txt.org,20250116,0,0.31547829508781433,0.003710971284310268,False
OTYJY_FGMM01_PGCV_L1_DAY_20250117000000_V01.00.txt.org,20250117,0,0.5397284626960754,0.0045316245764742665,False
OTYJY_FGMM01_PGCV_L1_DAY_20250118000000_V01.00.txt.org,20250118,0,0.3817611038684845,0.011784770273442772,False
OTYJY_FGMM01_PGCV_L1_DAY_20250120000000_V01.00.txt.org,20250120,0,0.5125246644020081,0.003890434592572328,False
OTYJY_FGMM01_PGCV_L1_DAY_20250121000000_V01.00.txt.org,20250121,0,0.5070986151695251,0.004884322552420908,False
OTYJY_FGMM01_PGCV_L1_DAY_20250122000000_V01.00.txt.org,20250122,0,0.45096585154533386,0.004004205792261932,False
OTYJY_FGMM01_PGCV_L1_DAY_20250123000000_V01.00.txt.org,20250123,0,0.555549681186676,0.004983876117687987,False
OTYJY_FGMM01_PGCV_L1_DAY_20250124000000_V01.00.txt.org,20250124,0,0.6091838479042053,0.005050709596542682,False
OTYJY_FGMM01_PGCV_L1_DAY_20250125000000_V01.00.txt.org,20250125,0,0.633369505405426,0.009299696488775504,False
OTYJY_FGMM01_PGCV_L1_DAY_20250126000000_V01.00.txt.org,20250126,0,0.4149516224861145,0.0035440248069933842,False
OTYJY_FGMM01_PGCV_L1_DAY_20250127000000_V01.00.txt.org,20250127,0,0.5072076320648193,0.003544173364313125,False
OTYJY_FGMM01_PGCV_L1_DAY_20250128000000_V01.00.txt.org,20250128,0,0.4518045485019684,0.008950165178542751,False
OTYJY_FGMM01_PGCV_L1_DAY_20250129000000_V01.00.txt.org,20250129,0,0.4750828444957733,0.009137397049144326,False
OTYJY_FGMM01_PGCV_L1_DAY_20250130000000_V01.00.txt.org,20250130,0,0.32824987173080444,0.00899526273858863,False
OTYJY_FGMM01_PGCV_L1_DAY_20250131000000_V01.00.txt.org,20250131,0,0.49468785524368286,0.01000234900697536,False
OTYJY_FGMM01_PGCV_L1_DAY_20250201000000_V01.00.txt.org,20250201,0,0.5148836970329285,0.010055020723822685,False
OTYJY_FGMM01_PGCV_L1_DAY_20250202000000_V01.00.txt.org,20250202,0,0.5341696739196777,0.009816441497601951,False
OTYJY_FGMM01_PGCV_L1_DAY_20250203000000_V01.00.txt.org,20250203,0,0.42287731170654297,0.009477469087721341,False
OTYJY_FGMM01_PGCV_L1_DAY_20250204000000_V01.00.txt.org,20250204,0,0.4319678246974945,0.00963241956544142,False
OTYJY_FGMM01_PGCV_L1_DAY_20250205000000_V01.00.txt.org,20250205,0,0.511849045753479,0.004166091990146997,False
OTYJY_FGMM01_PGCV_L1_DAY_20250206000000_V01.00.txt.org,20250206,0,0.348704069852829,0.0035545265843291733,False
OTYJY_FGMM01_PGCV_L1_DAY_20250207000000_V01.00.txt.org,20250207,0,0.4582737386226654,0.0034818371620402074,False
OTYJY_FGMM01_PGCV_L1_DAY_20250208000000_V01.00.txt.org,20250208,0,0.5436864495277405,0.004061283908363274,False
OTYJY_FGMM01_PGCV_L1_DAY_20250209000000_V01.00.txt.org,20250209,0,0.33961018919944763,0.009066172558435568,False
OTYJY_FGMM01_PGCV_L1_DAY_20250215000000_V01.00.txt.org,20250215,0,0.42993900179862976,0.008987943064455984,False
OTYJY_FGMM01_PGCV_L1_DAY_20250216000000_V01.00.txt.org,20250216,0,0.44679969549179077,0.009376378604463725,False
OTYJY_FGMM01_PGCV_L1_DAY_20250219000000_V01.00.txt.org,20250219,0,0.6681870818138123,0.004549815994143386,False
OTYJY_FGMM01_PGCV_L1_DAY_20250222000000_V01.00.txt.org,20250222,0,0.5979173183441162,0.009780733663508852,False
OTYJY_FGMM01_PGCV_L1_DAY_20250223000000_V01.00.txt.org,20250223,0,0.5744316577911377,0.012941188298222944,False
OTYJY_FGMM01_PGCV_L1_DAY_20250227000000_V01.00.txt.org,20250227,0,0.6681807637214661,0.00644512768090742,False
OTYJY_FGMM01_PGCV_L1_DAY_20250228000000_V01.00.txt.org,20250228,0,0.7952698469161987,0.0062569220652739285,False
OTYJY_FGMM01_PGCV_L1_DAY_20250301000000_V01.00.txt.org,20250301,0,0.5714219212532043,0.004883465374325944,False
OTYJY_FGMM01_PGCV_L1_DAY_20250302000000_V01.00.txt.org,20250302,0,0.5550574064254761,0.006049142835257072,False
OTYJY_FGMM01_PGCV_L1_DAY_20250303000000_V01.00.txt.org,20250303,0,0.5426077842712402,0.0057449089098888795,False
OTYJY_FGMM01_PGCV_L1_DAY_20250304000000_V01.00.txt.org,20250304,0,0.7110032439231873,0.006436048739484775,False
OTYJY_FGMM01_PGCV_L1_DAY_20250305000000_V01.00.txt.org,20250305,0,0.5796235203742981,0.0057181824554856835,False
OTYJY_FGMM01_PGCV_L1_DAY_20250306000000_V01.00.txt.org,20250306,0,0.6406829357147217,0.006297434942658133,False
OTYJY_FGMM01_PGCV_L1_DAY_20250307000000_V01.00.txt.org,20250307,0,0.5443828701972961,0.005734632407453186,False
OTYJY_FGMM01_PGCV_L1_DAY_20250308000000_V01.00.txt.org,20250308,0,0.3636187016963959,0.004723504978576278,False
OTYJY_FGMM01_PGCV_L1_DAY_20250309000000_V01.00.txt.org,20250309,0,0.532417893409729,0.004964965584722722,False
OTYJY_FGMM01_PGCV_L1_DAY_20250310000000_V01.00.txt.org,20250310,0,0.6396751403808594,0.0039496419934030936,False
OTYJY_FGMM01_PGCV_L1_DAY_20250311000000_V01.00.txt.org,20250311,0,0.680406391620636,0.0048028677235090935,False
OTYJY_FGMM01_PGCV_L1_DAY_20250312000000_V01.00.txt.org,20250312,0,0.7249994277954102,0.005006634303505703,False
OTYJY_FGMM01_PGCV_L1_DAY_20250313000000_V01.00.txt.org,20250313,0,0.46701908111572266,0.004561791399025358,False
OTYJY_FGMM01_PGCV_L1_DAY_20250314000000_V01.00.txt.org,20250314,0,0.642744243144989,0.005413896102888385,False
OTYJY_FGMM01_PGCV_L1_DAY_20250315000000_V01.00.txt.org,20250315,0,0.5432470440864563,0.004400652213544366,False
OTYJY_FGMM01_PGCV_L1_DAY_20250316000000_V01.00.txt.org,20250316,0,0.378582239151001,0.004183297917526313,False
OTYJY_FGMM01_PGCV_L1_DAY_20250317000000_V01.00.txt.org,20250317,0,0.6493757963180542,0.004762777407687662,False
OTYJY_FGMM01_PGCV_L1_DAY_20250318000000_V01.00.txt.org,20250318,0,0.4706442654132843,0.004560714418892884,False
OTYJY_FGMM01_PGCV_L1_DAY_20250319000000_V01.00.txt.org,20250319,0,0.6963106989860535,0.005151407168227363,False
OTYJY_FGMM01_PGCV_L1_DAY_20250320000000_V01.00.txt.org,20250320,0,0.6723841428756714,0.00479328659258746,False
OTYJY_FGMM01_PGCV_L1_DAY_20250321000000_V01.00.txt.org,20250321,0,0.712218701839447,0.005020451594731225,False
OTYJY_FGMM01_PGCV_L1_DAY_20250322000000_V01.00.txt.org,20250322,0,0.4066045582294464,0.005651535195821335,False
OTYJY_FGMM01_PGCV_L1_DAY_20250323000000_V01.00.txt.org,20250323,0,0.5826286673545837,0.003717979683535471,False
OTYJY_FGMM01_PGCV_L1_DAY_20250324000000_V01.00.txt.org,20250324,0,0.5701561570167542,0.0034212283893896617,False
OTYJY_FGMM01_PGCV_L1_DAY_20250325000000_V01.00.txt.org,20250325,0,0.5779791474342346,0.0037941296944705373,False
OTYJY_FGMM01_PGCV_L1_DAY_20250326000000_V01.00.txt.org,20250326,0,0.631805956363678,0.0037202367983307995,False
OTYJY_FGMM01_PGCV_L1_DAY_20250327000000_V01.00.txt.org,20250327,0,0.6494744420051575,0.004472087952089108,False
OTYJY_FGMM01_PGCV_L1_DAY_20250328000000_V01.00.txt.org,20250328,0,0.5025896430015564,0.0041170548237555145,False
OTYJY_FGMM01_PGCV_L1_DAY_20250329000000_V01.00.txt.org,20250329,0,0.45601293444633484,0.0036350711185401236,False
OTYJY_FGMM01_PGCV_L1_DAY_20250330000000_V01.00.txt.org,20250330,0,0.2986289858818054,0.002460956562616382,False
OTYJY_FGMM01_PGCV_L1_DAY_20250331000000_V01.00.txt.org,20250331,0,0.4556073546409607,0.004336253980296954,False
OTYJY_FGMM01_PGCV_L1_DAY_20250401000000_V01.00.txt.org,20250401,0,0.4920366108417511,0.004788184243172384,False
OTYJY_FGMM01_PGCV_L1_DAY_20250403000000_V01.00.txt.org,20250403,0,0.7733536958694458,0.006785137337378508,False
OTYJY_FGMM01_PGCV_L1_DAY_20250404000000_V01.00.txt.org,20250404,0,0.7630786299705505,0.004374503924016334,False
OTYJY_FGMM01_PGCV_L1_DAY_20250405000000_V01.00.txt.org,20250405,0,0.5668993592262268,0.003927230519083329,False
OTYJY_FGMM01_PGCV_L1_DAY_20250406000000_V01.00.txt.org,20250406,0,0.6140812039375305,0.00422256510437002,False
OTYJY_FGMM01_PGCV_L1_DAY_20250407000000_V01.00.txt.org,20250407,0,0.739840567111969,0.00534064328884717,False
OTYJY_FGMM01_PGCV_L1_DAY_20250408000000_V01.00.txt.org,20250408,0,0.705138623714447,0.004519319473729034,False
OTYJY_FGMM01_PGCV_L1_DAY_20250409000000_V01.00.txt.org,20250409,0,0.45134955644607544,0.0047283858055870535,False
OTYJY_FGMM01_PGCV_L1_DAY_20250410000000_V01.00.txt.org,20250410,0,0.5918862223625183,0.0041763833540735965,False
OTYJY_FGMM01_PGCV_L1_DAY_20250411000000_V01.00.txt.org,20250411,0,0.6022166609764099,0.003848533498410152,False
OTYJY_FGMM01_PGCV_L1_DAY_20250412000000_V01.00.txt.org,20250412,0,0.4905834496021271,0.0033885597014851453,False
OTYJY_FGMM01_PGCV_L1_DAY_20250413000000_V01.00.txt.org,20250413,0,0.583344578742981,0.0032084333162949205,False
OTYJY_FGMM01_PGCV_L1_DAY_20250414000000_V01.00.txt.org,20250414,0,0.6144189834594727,0.004099608093447955,False
OTYJY_FGMM01_PGCV_L1_DAY_20250415000000_V01.00.txt.org,20250415,0,0.5094154477119446,0.004918967883077663,False
OTYJY_FGMM01_PGCV_L1_DAY_20250416000000_V01.00.txt.org,20250416,1,0.9499710202217102,0.005067120182844573,True
OTYJY_FGMM01_PGCV_L1_DAY_20250417000000_V01.00.txt.org,20250417,0,0.47148582339286804,0.0042360262196669265,False
OTYJY_FGMM01_PGCV_L1_DAY_20250418000000_V01.00.txt.org,20250418,0,0.5565565228462219,0.0045316069285887,False
OTYJY_FGMM01_PGCV_L1_DAY_20250419000000_V01.00.txt.org,20250419,0,0.7535580992698669,0.004663231249761418,False
OTYJY_FGMM01_PGCV_L1_DAY_20250420000000_V01.00.txt.org,20250420,0,0.3988294005393982,0.002933196911169469,False
OTYJY_FGMM01_PGCV_L1_DAY_20250421000000_V01.00.txt.org,20250421,0,0.4902693033218384,0.0037537630066181386,False
OTYJY_FGMM01_PGCV_L1_DAY_20250423000000_V01.00.txt.org,20250423,0,0.4058725833892822,0.003178333825904483,False
OTYJY_FGMM01_PGCV_L1_DAY_20250424000000_V01.00.txt.org,20250424,0,0.6682001948356628,0.0040732250700373715,False
OTYJY_FGMM01_PGCV_L1_DAY_20250425000000_V01.00.txt.org,20250425,0,0.6488552093505859,0.0032879886000783693,False
OTYJY_FGMM01_PGCV_L1_DAY_20250426000000_V01.00.txt.org,20250426,0,0.26441770792007446,0.0025212407095201654,False
OTYJY_FGMM01_PGCV_L1_DAY_20250427000000_V01.00.txt.org,20250427,0,0.5674999356269836,0.0029718546745480493,False
OTYJY_FGMM01_PGCV_L1_DAY_20250429000000_V01.00.txt.org,20250429,0,0.6916291117668152,0.003358005779834772,False
OTYJY_FGMM01_PGCV_L1_DAY_20250501000000_V01.00.txt.org,20250501,0,0.7247045040130615,0.00283116343962458,False
OTYJY_FGMM01_PGCV_L1_DAY_20250502000000_V01.00.txt.org,20250502,0,0.5678088665008545,0.002398342946784418,False
OTYJY_FGMM01_PGCV_L1_DAY_20250503000000_V01.00.txt.org,20250503,0,0.5407251715660095,0.0030327302157354854,False
OTYJY_FGMM01_PGCV_L1_DAY_20250504000000_V01.00.txt.org,20250504,0,0.40540817379951477,0.003055561060009794,False
OTYJY_FGMM01_PGCV_L1_DAY_20250505000000_V01.00.txt.org,20250505,0,0.5476353168487549,0.0027816712062226716,False
OTYJY_FGMM01_PGCV_L1_DAY_20250506000000_V01.00.txt.org,20250506,0,0.3584730625152588,0.0028259586701810304,False
OTYJY_FGMM01_PGCV_L1_DAY_20250507000000_V01.00.txt.org,20250507,0,0.5718646049499512,0.0032201716817615213,False
OTYJY_FGMM01_PGCV_L1_DAY_20250508000000_V01.00.txt.org,20250508,0,0.6524782776832581,0.003120116214421532,False
OTYJY_FGMM01_PGCV_L1_DAY_20250509000000_V01.00.txt.org,20250509,0,0.4892137050628662,0.0034101601843576526,False
OTYJY_FGMM01_PGCV_L1_DAY_20250510000000_V01.00.txt.org,20250510,0,0.6328650712966919,0.002825655072967733,False
OTYJY_FGMM01_PGCV_L1_DAY_20250511000000_V01.00.txt.org,20250511,0,0.30485010147094727,0.0024691492725424373,False
OTYJY_FGMM01_PGCV_L1_DAY_20250512000000_V01.00.txt.org,20250512,0,0.5969244241714478,0.0031519888798201183,False
OTYJY_FGMM01_PGCV_L1_DAY_20250513000000_V01.00.txt.org,20250513,0,0.49471575021743774,0.0033270231710635883,False
OTYJY_FGMM01_PGCV_L1_DAY_20250515000000_V01.00.txt.org,20250515,0,0.6052830219268799,0.002913255818804069,False
OTYJY_FGMM01_PGCV_L1_DAY_20250516000000_V01.00.txt.org,20250516,1,0.867625892162323,0.003250857956215042,True
OTYJY_FGMM01_PGCV_L1_DAY_20250517000000_V01.00.txt.org,20250517,0,0.6548554301261902,0.0032160092656254575,False
OTYJY_FGMM01_PGCV_L1_DAY_20250518000000_V01.00.txt.org,20250518,0,0.4743863046169281,0.0027718652584725247,False
OTYJY_FGMM01_PGCV_L1_DAY_20250519000000_V01.00.txt.org,20250519,0,0.7615333199501038,0.003047814847580207,False
OTYJY_FGMM01_PGCV_L1_DAY_20250520000000_V01.00.txt.org,20250520,1,0.8695100545883179,0.0034134595645851852,True
OTYJY_FGMM01_PGCV_L1_DAY_20250523000000_V01.00.txt.org,20250523,0,0.589860200881958,0.0038126102907193324,False
OTYJY_FGMM01_PGCV_L1_DAY_20250524000000_V01.00.txt.org,20250524,0,0.3059273958206177,0.003183811231504996,False
OTYJY_FGMM01_PGCV_L1_DAY_20250525000000_V01.00.txt.org,20250525,0,0.2458844929933548,0.0022967399444796177,False
OTYJY_FGMM01_PGCV_L1_DAY_20250527000000_V01.00.txt.org,20250527,0,0.6454805731773376,0.0030119379131011135,False
OTYJY_FGMM01_PGCV_L1_DAY_20250528000000_V01.00.txt.org,20250528,0,0.7048776745796204,0.002970870594333744,False
OTYJY_FGMM01_PGCV_L1_DAY_20250529000000_V01.00.txt.org,20250529,0,0.5643221139907837,0.0025232718773511315,False
OTYJY_FGMM01_PGCV_L1_DAY_20250530000000_V01.00.txt.org,20250530,0,0.3417406678199768,0.003573400617234503,False
OTYJY_FGMM01_PGCV_L1_DAY_20250531000000_V01.00.txt.org,20250531,0,0.2813236713409424,0.0022436201866135683,False
OTYJY_FGMM01_PGCV_L1_DAY_20250601000000_V01.00.txt.org,20250601,0,0.6342307925224304,0.005567565192976079,False
OTYJY_FGMM01_PGCV_L1_DAY_20250602000000_V01.00.txt.org,20250602,0,0.3339483439922333,0.0018867522870851337,False
OTYJY_FGMM01_PGCV_L1_DAY_20250603000000_V01.00.txt.org,20250603,0,0.3939041495323181,0.0021280600125760797,False
OTYJY_FGMM01_PGCV_L1_DAY_20250604000000_V01.00.txt.org,20250604,0,0.6804904937744141,0.0020001799022842347,False
OTYJY_FGMM01_PGCV_L1_DAY_20250605000000_V01.00.txt.org,20250605,0,0.4233161509037018,0.0021399557200682236,False
OTYJY_FGMM01_PGCV_L1_DAY_20250606000000_V01.00.txt.org,20250606,0,0.3742052912712097,0.002435085932210909,False
OTYJY_FGMM01_PGCV_L1_DAY_20250607000000_V01.00.txt.org,20250607,0,0.48570168018341064,0.0015522276352806035,False
OTYJY_FGMM01_PGCV_L1_DAY_20250608000000_V01.00.txt.org,20250608,0,0.39915135502815247,0.0013668615291531142,False
OTYJY_FGMM01_PGCV_L1_DAY_20250609000000_V01.00.txt.org,20250609,0,0.32631412148475647,0.002651182074320388,False
OTYJY_FGMM01_PGCV_L1_DAY_20250610000000_V01.00.txt.org,20250610,0,0.24838478863239288,0.0013619020706193711,False
OTYJY_FGMM01_PGCV_L1_DAY_20250611000000_V01.00.txt.org,20250611,0,0.6654477715492249,0.002331728106677308,False
OTYJY_FGMM01_PGCV_L1_DAY_20250612000000_V01.00.txt.org,20250612,0,0.3098450303077698,0.0020690822748198985,False
OTYJY_FGMM01_PGCV_L1_DAY_20250715000000_V01.00.txt.org,20250715,0,0.7369899749755859,0.003350716439136061,False
OTYJY_FGMM01_PGCV_L1_DAY_20250716000000_V01.00.txt.org,20250716,0,0.34416353702545166,0.0029940517035326863,False
OTYJY_FGMM01_PGCV_L1_DAY_20250719000000_V01.00.txt.org,20250719,0,0.46369633078575134,0.0027701781740584385,False
OTYJY_FGMM01_PGCV_L1_DAY_20250720000000_V01.00.txt.org,20250720,0,0.49407413601875305,0.002289055583046448,False
OTYJY_FGMM01_PGCV_L1_DAY_20250722000000_V01.00.txt.org,20250722,1,0.8451449871063232,0.004163526543626936,True
OTYJY_FGMM01_PGCV_L1_DAY_20250725000000_V01.00.txt.org,20250725,0,0.6736813187599182,0.004735900652596734,False
OTYJY_FGMM01_PGCV_L1_DAY_20250726000000_V01.00.txt.org,20250726,0,0.3975829780101776,0.0030433182424666225,False
OTYJY_FGMM01_PGCV_L1_DAY_20250727000000_V01.00.txt.org,20250727,0,0.7459105849266052,0.002914150782210049,False
OTYJY_FGMM01_PGCV_L1_DAY_20250728000000_V01.00.txt.org,20250728,1,0.8990601897239685,0.0043440996262154915,True
OTYJY_FGMM01_PGCV_L1_DAY_20250731000000_V01.00.txt.org,20250731,0,0.6381030082702637,0.0035440396919273753,False
OTYJY_FGMM01_PGCV_L1_DAY_20250802000000_V01.00.txt.org,20250802,0,0.3538789451122284,0.0024826415639148296,False
OTYJY_FGMM01_PGCV_L1_DAY_20250803000000_V01.00.txt.org,20250803,0,0.2685498297214508,0.002127806982992458,False
OTYJY_FGMM01_PGCV_L1_DAY_20250804000000_V01.00.txt.org,20250804,0,0.43839308619499207,0.003041215413511452,False
OTYJY_FGMM01_PGCV_L1_DAY_20250805000000_V01.00.txt.org,20250805,0,0.4625834822654724,0.0030738408900467962,False
OTYJY_FGMM01_PGCV_L1_DAY_20250806000000_V01.00.txt.org,20250806,0,0.507932722568512,0.0029891631544235126,False
OTYJY_FGMM01_PGCV_L1_DAY_20250807000000_V01.00.txt.org,20250807,0,0.5488258600234985,0.003426241405129926,False
OTYJY_FGMM01_PGCV_L1_DAY_20250808000000_V01.00.txt.org,20250808,0,0.5564338564872742,0.0032784103663020697,False
OTYJY_FGMM01_PGCV_L1_DAY_20250809000000_V01.00.txt.org,20250809,0,0.555895984172821,0.0024880366070005465,False
OTYJY_FGMM01_PGCV_L1_DAY_20250810000000_V01.00.txt.org,20250810,0,0.42408978939056396,0.0025795687502568124,False
OTYJY_FGMM01_PGCV_L1_DAY_20250811000000_V01.00.txt.org,20250811,0,0.49598681926727295,0.002998814242073052,False
OTYJY_FGMM01_PGCV_L1_DAY_20250812000000_V01.00.txt.org,20250812,0,0.5381296873092651,0.0029709436534084933,False
OTYJY_FGMM01_PGCV_L1_DAY_20250813000000_V01.00.txt.org,20250813,0,0.5383512377738953,0.003984714035710828,False
OTYJY_FGMM01_PGCV_L1_DAY_20250813004800_V01.00.txt.org,20250813,0,0.5383512377738953,0.003984714035710828,False
OTYJY_FGMM01_PGCV_L1_DAY_20250821000000_V01.00.txt.org,20250821,0,0.2656310796737671,0.0008731867330180704,False
OTYJY_FGMM01_PGCV_L1_DAY_20250822000000_V01.00.txt.org,20250822,0,0.3826046288013458,0.0024270407588591835,False
OTYJY_FGMM01_PGCV_L1_DAY_20250823000000_V01.00.txt.org,20250823,0,0.002519362373277545,1.4692912512731008e-06,False
OTYJY_FGMM01_PGCV_L1_DAY_20250824000000_V01.00.txt.org,20250824,0,0.07638813555240631,8.111370705955326e-05,False
OTYJY_FGMM01_PGCV_L1_DAY_20250825000000_V01.00.txt.org,20250825,0,6.933070108061656e-05,9.53360666932007e-08,False
OTYJY_FGMM01_PGCV_L1_DAY_20250826000000_V01.00.txt.org,20250826,0,0.00018492768867872655,1.1150077862565946e-07,False
OTYJY_FGMM01_PGCV_L1_DAY_20250827000000_V01.00.txt.org,20250827,0,7.185809408838395e-06,4.286380481557635e-09,False
OTYJY_FGMM01_PGCV_L1_DAY_20250829000000_V01.00.txt.org,20250829,0,0.4851977825164795,0.0014866615870187572,False
OTYJY_FGMM01_PGCV_L1_DAY_20250830000000_V01.00.txt.org,20250830,0,0.750960111618042,0.002874989507840596,False
OTYJY_FGMM01_PGCV_L1_DAY_20250831000000_V01.00.txt.org,20250831,0,0.7420264482498169,0.004696585050756114,False
OTYJY_FGMM01_PGCV_L1_DAY_20250901000000_V01.00.txt.org,20250901,0,0.6021278500556946,0.00306694511658821,False
OTYJY_FGMM01_PGCV_L1_DAY_20250902000000_V01.00.txt.org,20250902,0,0.48273739218711853,0.0012458893024243564,False
OTYJY_FGMM01_PGCV_L1_DAY_20250903000000_V01.00.txt.org,20250903,0,0.005436448380351067,2.2934141831011703e-06,False
OTYJY_FGMM01_PGCV_L1_DAY_20250904000000_V01.00.txt.org,20250904,0,0.00012232369044795632,1.4866394689275118e-07,False
OTYJY_FGMM01_PGCV_L1_DAY_20250905000000_V01.00.txt.org,20250905,0,0.0017110499320551753,6.081313004801878e-07,False
OTYJY_FGMM01_PGCV_L1_DAY_20250906000000_V01.00.txt.org,20250906,0,0.7279344201087952,0.00042466834445648754,False
OTYJY_FGMM01_PGCV_L1_DAY_20250907000000_V01.00.txt.org,20250907,0,0.018181711435317993,6.838390333416151e-06,False
OTYJY_FGMM01_PGCV_L1_DAY_20250908000000_V01.00.txt.org,20250908,0,4.0882961911847815e-05,2.162979856574745e-08,False
OTYJY_FGMM01_PGCV_L1_DAY_20250909000000_V01.00.txt.org,20250909,0,0.2751680910587311,0.0005678355561982311,False
OTYJY_FGMM01_PGCV_L1_DAY_20250910000000_V01.00.txt.org,20250910,0,0.5265403985977173,0.004019058686653051,False
OTYJY_FGMM01_PGCV_L1_DAY_20250911000000_V01.00.txt.org,20250911,2,0.91356360912323,0.004921427631762035,True
OTYJY_FGMM01_PGCV_L1_DAY_20250912000000_V01.00.txt.org,20250912,0,0.0072486442513763905,3.4859154560176853e-06,False
OTYJY_FGMM01_PGCV_L1_DAY_20250913000000_V01.00.txt.org,20250913,0,4.0880545384425204e-06,2.6761554753550257e-09,False
OTYJY_FGMM01_PGCV_L1_DAY_20250917000000_V01.00.txt.org,20250917,1,0.8159580826759338,0.000598976811596792,True
OTYJY_FGMM01_PGCV_L1_DAY_20250919000000_V01.00.txt.org,20250919,0,0.0009493649704381824,9.974818542578525e-07,False
OTYJY_FGMM01_PGCV_L1_DAY_20250921000000_V01.00.txt.org,20250921,0,0.743844211101532,0.00027512382962128384,False
OTYJY_FGMM01_PGCV_L1_DAY_20250922000000_V01.00.txt.org,20250922,0,0.0009210245916619897,5.704703237097406e-07,False
OTYJY_FGMM01_PGCV_L1_DAY_20250924000000_V01.00.txt.org,20250924,0,0.42102599143981934,0.001972533308183336,False
OTYJY_FGMM01_PGCV_L1_DAY_20250925000000_V01.00.txt.org,20250925,0,0.4079124331474304,0.0010804033344155772,False
OTYJY_FGMM01_PGCV_L1_DAY_20250926000000_V01.00.txt.org,20250926,0,0.04601449519395828,3.836487650276926e-05,False
OTYJY_FGMM01_PGCV_L1_DAY_20250928000000_V01.00.txt.org,20250928,0,0.0002449499152135104,1.492247685508297e-07,False
OTYJY_FGMM01_PGCV_L1_DAY_20250929000000_V01.00.txt.org,20250929,0,0.022019244730472565,7.814713827167445e-06,False
OTYJY_FGMM01_PGCV_L1_DAY_20250930000000_V01.00.txt.org,20250930,0,0.352602481842041,0.0020230520507626155,False
OTYJY_FGMM01_PGCV_L1_DAY_20251001000000_V01.00.txt.org,20251001,0,0.3167664408683777,0.002111583409027859,False
OTYJY_FGMM01_PGCV_L1_DAY_20251002000000_V01.00.txt.org,20251002,0,0.0023623292800039053,2.915796056932461e-06,False
OTYJY_FGMM01_PGCV_L1_DAY_20251003000000_V01.00.txt.org,20251003,0,0.010009770281612873,8.31657028485643e-06,False
OTYJY_FGMM01_PGCV_L1_DAY_20251004000000_V01.00.txt.org,20251004,0,0.001126862596720457,4.514769373813319e-07,False
OTYJY_FGMM01_PGCV_L1_DAY_20251005000000_V01.00.txt.org,20251005,0,2.7100193619844504e-05,2.5366148717788684e-08,False
OTYJY_FGMM01_PGCV_L1_DAY_20251006000000_V01.00.txt.org,20251006,0,0.45419755578041077,0.0008576487935017855,False
OTYJY_FGMM01_PGCV_L1_DAY_20251007000000_V01.00.txt.org,20251007,0,0.27842316031455994,0.0010635429287920333,False
OTYJY_FGMM01_PGCV_L1_DAY_20251008000000_V01.00.txt.org,20251008,0,4.2025523725897074e-05,2.040788910776196e-08,False
OTYJY_FGMM01_PGCV_L1_DAY_20251009000000_V01.00.txt.org,20251009,0,5.338680784916505e-05,4.2978098137292474e-08,False
OTYJY_FGMM01_PGCV_L1_DAY_20251010000000_V01.00.txt.org,20251010,0,0.00115232786629349,1.02876539614356e-06,False
OTYJY_FGMM01_PGCV_L1_DAY_20251011000000_V01.00.txt.org,20251011,0,0.336449533700943,0.0016444668813727153,False
OTYJY_FGMM01_PGCV_L1_DAY_20251012000000_V01.00.txt.org,20251012,0,0.35539504885673523,0.0012884370217806505,False
OTYJY_FGMM01_PGCV_L1_DAY_20251013000000_V01.00.txt.org,20251013,0,0.020153198391199112,1.9957062179225577e-05,False
OTYJY_FGMM01_PGCV_L1_DAY_20251015000000_V01.00.txt.org,20251015,0,0.2599194049835205,0.00036725808277154664,False
OTYJY_FGMM01_PGCV_L1_DAY_20251016000000_V01.00.txt.org,20251016,0,0.00671751145273447,3.6006662193392537e-06,False
OTYJY_FGMM01_PGCV_L1_DAY_20251017000000_V01.00.txt.org,20251017,0,0.3038232922554016,0.0021588967751985885,False
OTYJY_FGMM01_PGCV_L1_DAY_20251018000000_V01.00.txt.org,20251018,0,0.6299369931221008,0.006569417492989458,False
OTYJY_FGMM01_PGCV_L1_DAY_20251019000000_V01.00.txt.org,20251019,0,0.20296376943588257,0.0018552930255277549,False
OTYJY_FGMM01_PGCV_L1_DAY_20251020000000_V01.00.txt.org,20251020,0,0.004072396084666252,3.2981062060844357e-06,False
OTYJY_FGMM01_PGCV_L1_DAY_20251021000000_V01.00.txt.org,20251021,0,0.5712162852287292,0.0015781961864716487,False
OTYJY_FGMM01_PGCV_L1_DAY_20251022000000_V01.00.txt.org,20251022,0,0.4742176830768585,0.0031564075272374733,False
OTYJY_FGMM01_PGCV_L1_DAY_20251023000000_V01.00.txt.org,20251023,0,0.555911123752594,0.0027858266272757916,False
OTYJY_FGMM01_PGCV_L1_DAY_20251024000000_V01.00.txt.org,20251024,0,0.014967655763030052,9.110095620226925e-06,False
OTYJY_FGMM01_PGCV_L1_DAY_20251025000000_V01.00.txt.org,20251025,0,0.004638672340661287,1.7332912986741753e-06,False
OTYJY_FGMM01_PGCV_L1_DAY_20251026000000_V01.00.txt.org,20251026,0,0.06765773147344589,2.9997397962608652e-05,False
OTYJY_FGMM01_PGCV_L1_DAY_20251027000000_V01.00.txt.org,20251027,0,0.007872802205383778,5.282103920815065e-06,False
OTYJY_FGMM01_PGCV_L1_DAY_20251028000000_V01.00.txt.org,20251028,0,0.502578854560852,0.0023395477042305528,False
OTYJY_FGMM01_PGCV_L1_DAY_20251029000000_V01.00.txt.org,20251029,0,0.7247600555419922,0.004579748162230383,False
OTYJY_FGMM01_PGCV_L1_DAY_20251030000000_V01.00.txt.org,20251030,0,0.0009536298457533121,1.0043164737262416e-06,False
OTYJY_FGMM01_PGCV_L1_DAY_20251031000000_V01.00.txt.org,20251031,0,0.011401068419218063,6.831536614767454e-06,False
OTYJY_FGMM01_PGCV_L1_DAY_20251101000000_V01.00.txt.org,20251101,0,0.05312931910157204,1.8803298613361454e-05,False
OTYJY_FGMM01_PGCV_L1_DAY_20251102000000_V01.00.txt.org,20251102,0,0.3441464304924011,0.0013343185961931716,False
OTYJY_FGMM01_PGCV_L1_DAY_20251103000000_V01.00.txt.org,20251103,0,0.6614993810653687,0.00476753005475367,False
OTYJY_FGMM01_PGCV_L1_DAY_20251104000000_V01.00.txt.org,20251104,1,0.8223640322685242,0.007199311087355742,True
OTYJY_FGMM01_PGCV_L1_DAY_20251105000000_V01.00.txt.org,20251105,0,0.707836389541626,0.006232513943892279,False
OTYJY_FGMM01_PGCV_L1_DAY_20251106000000_V01.00.txt.org,20251106,0,0.6004533767700195,0.005873241028911307,False
OTYJY_FGMM01_PGCV_L1_DAY_20251107000000_V01.00.txt.org,20251107,0,0.5994226932525635,0.005617751867949581,False
OTYJY_FGMM01_PGCV_L1_DAY_20251108000000_V01.00.txt.org,20251108,0,0.5993003845214844,0.0031905508909344502,False
OTYJY_FGMM01_PGCV_L1_DAY_20251109000000_V01.00.txt.org,20251109,0,0.20843979716300964,0.0006887755683102287,False
