station,date,den_std,den_max,den_p95
BJI,2024-02-01,0.0191645,0.140199,0.0411112
BJI,2024-02-02,0.020178,0.222915,0.0431466
BJI,2024-02-03,0.0201211,0.178291,0.0434257
BJI,2024-02-04,0.0155426,0.196561,0.0327181
BJI,2024-02-05,0.0216001,0.218629,0.0468864
BJI,2024-02-06,0.0202985,0.237602,0.04353
BJI,2024-02-07,0.0191967,0.208397,0.04116
BJI,2024-02-08,0.0143765,0.170721,0.0307418
BJI,2024-02-09,0.0141553,0.122446,0.0305156
BJI,2024-02-10,0.0113692,0.170726,0.0242387
BJI,2024-02-11,0.0128816,0.0982547,0.0277312
BJI,2024-02-12,0.0132788,0.102202,0.028456
BJI,2024-02-13,0.0125169,0.113231,0.0268683
BJI,2024-02-14,0.0133117,0.107829,0.0286776
BJI,2024-02-15,0.0132941,0.109028,0.0285902
BJI,2024-02-16,0.0132456,0.12321,0.0283459
BJI,2024-02-17,0.0130295,0.095504,0.0280223
BJI,2024-02-18,0.0134404,0.169845,0.0289775
BJI,2024-02-19,0.0133549,0.174636,0.0284954
BJI,2024-02-20,0.0186947,0.165104,0.0400008
BJI,2024-02-21,0.0195785,0.169969,0.0423448
BJI,2024-02-22,0.0153008,0.14921,0.0327436
BJI,2024-02-23,0.0125608,0.096405,0.0270012
BJI,2024-02-24,0.0171637,0.148377,0.0368632
BJI,2024-02-25,0.0129595,0.127851,0.0275473
BJI,2024-02-26,0.0156639,0.162744,0.0335716
BJI,2024-02-27,0.0191467,0.199438,0.0411137
BJI,2024-02-28,0.0199209,0.198545,0.0430442
BJI,2024-02-29,0.0199367,0.292497,0.0425742
BJI,2024-03-01,0.0191596,0.206817,0.040815
BJI,2024-03-02,0.0258452,0.30921,0.0546995
BJI,2024-03-03,0.0147938,0.19209,0.0315774
BJI,2024-03-04,0.0170486,0.143902,0.0364888
BJI,2024-03-05,0.0170233,0.170077,0.0365693
BJI,2024-03-06,0.0171557,0.153032,0.0367272
BJI,2024-03-07,0.0168476,0.142228,0.0360826
BJI,2024-03-08,0.0145676,0.112783,0.031164
BJI,2024-03-09,0.0151672,0.142573,0.0322674
BJI,2024-03-10,0.0122705,0.190464,0.0263005
BJI,2024-03-11,0.0174111,0.158938,0.0372867
BJI,2024-03-12,0.0190769,0.184351,0.0408051
BJI,2024-03-13,0.0186533,0.189852,0.0400567
BJI,2024-03-14,0.0195102,0.180809,0.0420269
BJI,2024-03-15,0.0184677,0.129774,0.0397015
BJI,2024-03-16,0.0181122,0.183574,0.0388577
BJI,2024-03-17,0.014058,0.140841,0.030311
BJI,2024-03-18,0.0178491,0.172755,0.038128
BJI,2024-03-19,0.0177358,0.197568,0.0379381
BJI,2024-03-20,0.0201028,0.19313,0.042743
BJI,2024-03-21,0.0190159,0.157583,0.0408001
BJI,2024-03-22,0.0198093,0.206011,0.0427336
BJI,2024-03-23,0.0188486,0.144514,0.0403462
BJI,2024-03-24,0.0175326,0.157852,0.0377927
BJI,2024-03-25,0.0198128,0.195906,0.0425911
BJI,2024-03-26,0.0198753,0.171112,0.0427098
BJI,2024-03-27,0.0207243,0.361603,0.0440198
BJI,2024-03-28,0.0203948,0.166316,0.0437712
BJI,2024-03-29,0.0203178,0.195832,0.0437142
BJI,2024-03-30,0.0185241,0.195458,0.0396713
BJI,2024-03-31,0.0274749,0.408644,0.058517
BJI,2024-04-01,0.0337042,0.365436,0.0725604
BJI,2024-04-02,0.0247204,0.316881,0.0518853
BJI,2024-04-03,0.0226623,0.26506,0.0486767
BJI,2024-04-04,0.0240078,0.222267,0.0515192
BJI,2024-04-05,0.0251465,0.229237,0.0539726
BJI,2024-04-06,0.0251539,0.211914,0.0537871
BJI,2024-04-07,0.0253824,0.226896,0.0545726
BJI,2024-04-08,0.0263094,0.284803,0.0565636
BJI,2024-04-09,0.0268194,0.289449,0.0574569
BJI,2024-04-11,0.0275493,0.205226,0.0592569
BJI,2024-04-12,0.0272014,0.289208,0.0584708
BJI,2024-04-13,0.0240788,0.209256,0.0518064
BJI,2024-04-14,0.0267919,0.246337,0.0576382
BJI,2024-04-15,0.0252698,0.261686,0.0539747
BJI,2024-04-16,0.0204339,0.202981,0.0440687
BJI,2024-04-17,0.0209663,0.245459,0.0452193
BJI,2024-04-18,0.0201443,0.180837,0.0431888
BJI,2024-04-19,0.0202012,0.261311,0.0428608
BJI,2024-04-20,0.0217332,0.244131,0.0454644
BJI,2024-04-21,0.0339476,0.439422,0.0709455
BJI,2024-04-22,0.0402367,0.476172,0.0852999
BJI,2024-04-23,0.040525,0.518905,0.086922
BJI,2024-04-24,0.0404462,0.473723,0.0865473
BJI,2024-04-25,0.0297862,0.379654,0.0634682
BJI,2024-04-26,0.0215438,0.224933,0.0455533
BJI,2024-04-27,0.0191531,0.240153,0.040847
BJI,2024-04-28,0.0198904,0.155495,0.0427482
BJI,2024-04-29,0.020573,0.260797,0.0433387
BJI,2024-04-30,0.020502,0.292362,0.0414026
BJI,2024-05-01,0.0194097,0.15336,0.0418065
BJI,2024-05-02,0.0193395,0.209751,0.041019
BJI,2024-05-03,0.0190669,0.140438,0.0410325
BJI,2024-05-04,0.0196127,0.187058,0.0421531
BJI,2024-05-05,0.0167436,0.17512,0.0355645
BJI,2024-05-06,0.0142699,0.52313,0.0305542
BJI,2024-05-07,0.0151531,0.327824,0.031979
BJI,2024-05-08,0.0145133,0.122173,0.0312416
BJI,2024-05-09,0.0145614,0.126568,0.0314212
BJI,2024-05-10,0.0136213,0.269367,0.0289625
BJI,2024-05-11,0.0144371,0.131096,0.0308695
BJI,2024-05-12,0.0128512,0.165996,0.0273601
BJI,2024-05-13,0.0301938,0.33881,0.0648895
BJI,2024-05-14,0.0221982,0.324186,0.0463344
BJI,2024-05-15,0.0185036,0.172168,0.0394759
BJI,2024-05-16,0.018315,0.136316,0.0394223
BJI,2024-05-17,0.0179725,0.169133,0.0384192
BJI,2024-05-18,0.0167376,0.128896,0.0361632
BJI,2024-05-19,0.0169678,0.200757,0.0360021
BJI,2024-05-20,0.0216139,0.20989,0.0466037
BJI,2024-05-21,0.02574,0.23639,0.0549434
BJI,2024-05-22,0.0268395,0.265441,0.0577972
BJI,2024-05-23,0.0255539,0.227148,0.0548682
BJI,2024-05-24,0.0245455,0.279768,0.053347
BJI,2024-05-25,0.0238193,0.241142,0.0522201
BJI,2024-05-26,0.0220111,0.318922,0.0474493
BJI,2024-05-27,0.016359,0.176092,0.0348224
BJI,2024-05-28,0.0162483,0.173795,0.0348217
BJI,2024-05-29,0.0164143,0.137875,0.0352783
BJI,2024-05-30,0.0196135,0.275722,0.0417085
BJI,2024-05-31,0.0186384,0.157386,0.0399918
BJI,2024-06-01,0.0185885,0.242808,0.0393636
BJI,2024-06-02,0.0151579,0.199078,0.0320961
BJI,2024-06-03,0.0157478,0.178528,0.0335335
BJI,2024-06-04,0.0156159,0.176971,0.0332505
BJI,2024-06-05,0.0163034,0.194843,0.0344074
BJI,2024-06-06,0.0160903,0.169211,0.0343282
BJI,2024-06-07,0.0156159,0.140255,0.0334894
BJI,2024-06-08,0.0151051,0.17286,0.0321801
BJI,2024-06-09,0.0163146,0.202144,0.0345574
BJI,2024-06-10,0.0179648,0.151426,0.0382159
BJI,2024-06-11,0.0200731,0.309694,0.0425673
BJI,2024-06-12,0.0206659,0.205331,0.0442394
BJI,2024-06-13,0.0200487,0.19179,0.0427358
BJI,2024-06-14,0.0193479,0.206147,0.04141
BJI,2024-06-15,0.0182925,0.188177,0.038721
BJI,2024-06-16,0.0179308,0.165302,0.0383484
BJI,2024-06-17,0.0193215,0.187939,0.0414793
BJI,2024-06-18,0.0193492,0.164052,0.0413308
BJI,2024-06-19,0.021232,0.170474,0.0454256
BJI,2024-06-20,0.0213713,0.204251,0.0457678
BJI,2024-06-21,0.0200143,0.16594,0.0428005
BJI,2024-06-22,0.0187323,0.241224,0.0399038
BJI,2024-06-23,0.0183263,0.1557,0.0388499
BJI,2024-06-24,0.0187224,0.179175,0.039984
BJI,2024-06-25,0.0196327,0.206098,0.0418044
BJI,2024-06-26,0.0189509,0.167212,0.0405997
BJI,2024-06-27,0.0227346,0.240467,0.048397
BJI,2024-06-28,0.0263347,0.241092,0.0559158
BJI,2024-06-29,0.0255126,0.258686,0.0545382
BJI,2024-06-30,0.0209255,0.250841,0.0444083
BJI,2024-07-01,0.0197618,0.19548,0.042463
BJI,2024-07-02,0.0167102,0.242269,0.0355768
BJI,2024-07-03,0.0200262,0.184413,0.0426735
BJI,2024-07-04,0.0199344,0.195857,0.0426719
BJI,2024-07-05,0.0194781,0.193811,0.041479
BJI,2024-07-06,0.0182233,0.156364,0.0389589
BJI,2024-07-07,0.0166236,0.158068,0.0355882
BJI,2024-07-08,0.015449,0.144432,0.0330294
BJI,2024-07-09,0.0170068,0.284532,0.0353548
BJI,2024-07-10,0.0213334,0.690182,0.043418
BJI,2024-07-11,0.0152487,0.175943,0.0326363
BJI,2024-07-12,0.014916,0.214683,0.0317214
BJI,2024-07-13,0.0152291,0.197955,0.0321354
BJI,2024-07-14,0.0180317,0.195045,0.0383779
BJI,2024-07-15,0.0217119,0.211888,0.0464152
BJI,2024-07-16,0.0224901,0.18965,0.0484396
BJI,2024-07-17,0.0220026,0.167206,0.0471199
BJI,2024-07-18,0.0246216,0.458693,0.0501003
BJI,2024-07-19,0.0294673,0.254064,0.0634151
BJI,2024-07-20,0.0307718,0.365921,0.0651321
BJI,2024-07-21,0.0308521,0.298939,0.0664158
BJI,2024-07-22,0.0327292,0.43139,0.0693297
BJI,2024-07-23,0.0316828,0.254498,0.0681347
BJI,2024-07-24,0.0328591,0.325357,0.0697365
BJI,2024-07-25,0.032376,0.334748,0.0695305
BJI,2024-07-26,0.0251386,0.28789,0.0543265
BJI,2024-07-28,0.0158731,0.131229,0.0342213
BJI,2024-07-29,0.0164235,0.222473,0.0351604
BJI,2024-07-30,0.0164804,0.163225,0.0353958
BJI,2024-07-31,0.0141235,0.119327,0.0304075
BJI,2024-08-01,0.0127603,0.108315,0.0273809
BJI,2024-08-02,0.0121295,0.0949406,0.0259788
BJI,2024-08-03,0.0115165,0.145851,0.0246418
BJI,2024-08-04,0.011813,0.0957342,0.0252876
BJI,2024-08-05,0.0124225,0.226838,0.0261814
BJI,2024-08-06,0.0119679,0.130385,0.0255921
BJI,2024-08-07,0.0126427,0.117325,0.0270805
BJI,2024-08-08,0.0125555,0.187326,0.0267242
BJI,2024-08-09,0.0115582,0.153628,0.0246883
BJI,2024-08-10,0.0118254,0.147068,0.0251428
BJI,2024-08-11,0.0113366,0.0904736,0.0243876
BJI,2024-08-12,0.0158435,0.147551,0.0336413
BJI,2024-08-13,0.0204319,0.175058,0.0438595
BJI,2024-08-14,0.0224544,0.292562,0.0479216
BJI,2024-08-15,0.0190085,0.273301,0.0394346
BJI,2024-08-16,0.0152264,0.126321,0.032513
BJI,2024-08-17,0.0119863,0.106988,0.0254968
BJI,2024-08-18,0.0119356,0.103837,0.0256148
BJI,2024-08-19,0.0126308,0.288972,0.0269278
BJI,2024-08-20,0.0128872,0.107534,0.0277714
BJI,2024-08-21,0.0137357,0.255591,0.0289775
BJI,2024-08-22,0.0217278,0.175468,0.0463588
BJI,2024-08-23,0.01392,0.184958,0.029088
BJI,2024-08-24,0.0114705,0.181244,0.024365
BJI,2024-08-25,0.0127479,0.165895,0.0271438
BJI,2024-08-26,0.0301869,0.422678,0.0647006
BJI,2024-08-27,0.0414616,0.44879,0.0896383
BJI,2024-08-28,0.0412529,0.429646,0.088761
BJI,2024-08-29,0.0409042,0.452841,0.0887851
BJI,2024-08-30,0.0277262,0.369882,0.058631
BJI,2024-08-31,0.0145227,0.345946,0.0307649
BJI,2024-09-01,0.0140763,0.111758,0.0303605
BJI,2024-09-02,0.0143364,0.141375,0.0307612
BJI,2024-09-03,0.0221701,0.179603,0.0475358
BJI,2024-09-04,0.0228141,0.244002,0.048503
BJI,2024-09-05,0.0223073,0.182955,0.0479528
BJI,2024-09-06,0.022276,0.205256,0.0480509
BJI,2024-09-07,0.021812,0.198057,0.0465688
BJI,2024-09-08,0.0163511,0.147629,0.0352633
BJI,2024-09-09,0.0153345,0.146417,0.032778
BJI,2024-09-10,0.0155687,0.118081,0.0333415
BJI,2024-09-11,0.0162012,0.147571,0.0344924
BJI,2024-09-12,0.0156709,0.144763,0.0336521
BJI,2024-09-13,0.0229743,0.228193,0.0493471
BJI,2024-09-14,0.0337361,0.29202,0.0725541
BJI,2024-09-15,0.0264431,0.337404,0.0565842
BJI,2024-09-16,0.0161585,0.150212,0.0345763
BJI,2024-09-17,0.0142599,0.187745,0.0305495
BJI,2024-09-18,0.019879,0.187465,0.0427788
BJI,2024-09-19,0.0200818,0.158014,0.0431721
BJI,2024-09-20,0.0195443,0.151466,0.0420713
BJI,2024-09-21,0.0307227,0.235987,0.0661695
BJI,2024-09-22,0.0302257,0.281154,0.0651115
BJI,2024-09-23,0.0324196,0.319923,0.069749
BJI,2024-09-24,0.0315078,0.305941,0.0678277
BJI,2024-09-25,0.0316351,0.34547,0.0677379
BJI,2024-09-26,0.0317509,0.275879,0.0681295
BJI,2024-09-27,0.0302006,0.281572,0.0649899
BJI,2024-09-28,0.0301301,0.258644,0.0650064
BJI,2024-09-29,0.0331826,0.447907,0.0712575
BJI,2024-09-30,0.0262524,0.280174,0.0562636
BJI,2024-10-01,0.0211123,0.177011,0.0453021
BJI,2024-10-02,0.0364795,0.391895,0.0786758
BJI,2024-10-03,0.0388385,0.427803,0.0831201
BJI,2024-10-04,0.0397982,0.383604,0.0852887
BJI,2024-10-05,0.0387856,0.307589,0.083381
BJI,2024-10-06,0.0234232,0.265582,0.0490002
BJI,2024-10-07,0.0151561,0.147493,0.032613
BJI,2024-10-08,0.0172433,0.204338,0.0365952
BJI,2024-10-09,0.0220742,0.190196,0.0474405
BJI,2024-10-10,0.0221067,0.191392,0.047576
BJI,2024-10-11,0.0221536,0.350547,0.047302
BJI,2024-10-12,0.0213474,0.196959,0.0459222
BJI,2024-10-13,0.0206526,0.262337,0.0443475
BJI,2024-10-14,0.022095,0.192015,0.0474657
BJI,2024-10-15,0.0220358,0.313162,0.0473534
BJI,2024-10-16,0.0223388,0.189286,0.0478936
BJI,2024-10-18,0.0225737,0.241308,0.0482846
BJI,2024-10-19,0.0205748,0.173013,0.0440233
BJI,2024-10-20,0.0196082,0.749057,0.0406981
BJI,2024-10-21,0.0234521,0.214885,0.0503552
BJI,2024-10-22,0.0228318,0.225885,0.0488506
BJI,2024-10-23,0.0226304,0.197319,0.0487809
BJI,2024-10-24,0.0230217,0.210677,0.0496692
BJI,2024-10-25,0.0225537,0.209385,0.0487189
BJI,2024-10-26,0.0212284,0.167944,0.0455991
BJI,2024-10-27,0.0211428,0.216214,0.0454857
BJI,2024-10-28,0.0240467,0.269261,0.050491
BJI,2024-10-29,0.0415885,0.367927,0.0892614
BJI,2024-10-30,0.0417426,0.353365,0.089819
BJI,2024-10-31,0.0417497,0.399941,0.0897227
BJI,2024-11-01,0.0414802,0.418638,0.0894648
BJI,2024-11-02,0.0387323,0.388275,0.0831808
BJI,2024-11-03,0.0362359,0.359087,0.0787639
BJI,2024-11-04,0.0193487,0.268922,0.0409513
BJI,2024-11-05,0.0174208,0.149883,0.0373411
BJI,2024-11-06,0.0178593,0.238442,0.038444
BJI,2024-11-07,0.0218954,0.402249,0.0462564
BJI,2024-11-08,0.0263343,0.286085,0.0567143
BJI,2024-11-09,0.0322192,0.317061,0.0698932
BJI,2024-11-10,0.0248081,0.272502,0.0531696
BJI,2024-11-11,0.0209034,0.343184,0.0444951
BJI,2024-11-12,0.0340984,0.404417,0.0732549
BJI,2024-11-13,0.0309908,0.618677,0.0650089
BJI,2024-11-14,0.0212989,0.192219,0.0454896
BJI,2024-11-15,0.0200995,0.14807,0.0428011
BJI,2024-11-16,0.0187844,0.175116,0.0403013
BJI,2024-11-17,0.0155586,0.127966,0.0332695
BJI,2024-11-18,0.0163414,0.126143,0.0352555
BJI,2024-11-19,0.0162969,0.161584,0.0347055
BJI,2024-11-20,0.0194393,0.183772,0.0414476
BJI,2024-11-21,0.0220913,0.18374,0.0474754
BJI,2024-11-22,0.0216863,0.17995,0.0464456
BJI,2024-11-23,0.0200671,0.208818,0.0431313
BJI,2024-11-24,0.0165005,0.165604,0.0353799
BJI,2024-11-25,0.02914,0.399149,0.0634228
BJI,2024-11-26,0.0397203,0.405832,0.0855655
BJI,2024-11-27,0.0380371,0.389241,0.0814118
BJI,2024-11-28,0.0354745,0.332035,0.0771597
BJI,2024-11-29,0.0373185,0.376905,0.0808036
BJI,2024-11-30,0.026329,0.383288,0.0563796
BJI,2024-12-01,0.0235415,0.384998,0.0499898
BJI,2024-12-02,0.0193857,0.206308,0.0415774
BJI,2024-12-03,0.0205819,0.188702,0.0442046
BJI,2024-12-04,0.0220404,0.222438,0.047378
BJI,2024-12-05,0.0216567,0.201537,0.0469991
BJI,2024-12-06,0.0220095,0.181573,0.0471753
BJI,2024-12-07,0.0207462,0.204902,0.0446173
BJI,2024-12-08,0.0202732,0.186741,0.0433875
BJI,2024-12-09,0.0207936,0.17309,0.0449287
BJI,2024-12-10,0.0173167,0.13993,0.03742
BJI,2024-12-11,0.0169448,0.16097,0.0363019
BJI,2024-12-12,0.0175857,0.184277,0.0377823
BJI,2024-12-13,0.0168875,0.168091,0.0362362
BJI,2024-12-14,0.0176608,0.290822,0.0374505
BJI,2024-12-15,0.0159681,0.19541,0.0343106
BJI,2024-12-16,0.0171091,0.164007,0.0367763
BJI,2024-12-17,0.0175132,0.180452,0.03779
BJI,2024-12-18,0.0211411,0.180077,0.0454957
BJI,2024-12-19,0.0208677,0.189325,0.0444177
BJI,2024-12-20,0.020382,0.161853,0.0435512
BJI,2024-12-21,0.0196044,0.18,0.0423202
BJI,2024-12-22,0.0162,0.152067,0.0349746
BJI,2024-12-23,0.0167747,0.182294,0.0358117
BJI,2024-12-24,0.0212819,0.200432,0.0460628
BJI,2024-12-25,0.0215333,0.195133,0.0461018
BJI,2024-12-26,0.0209272,0.20399,0.0452137
BJI,2024-12-27,0.020394,0.206094,0.0439164
BJI,2024-12-28,0.019174,0.206147,0.0409839
BJI,2024-12-29,0.0153604,0.159614,0.0328793
BJI,2024-12-30,0.0152478,0.140091,0.0329546
BJI,2024-12-31,0.0160122,0.147479,0.0342504
BJI,2025-01-01,0.0172912,0.191595,0.0370766
BJI,2025-01-02,0.0200201,0.213789,0.0428505
BJI,2025-01-03,0.020327,0.181404,0.0437494
BJI,2025-01-04,0.0181798,0.208428,0.0388781
BJI,2025-01-05,0.0185057,0.177584,0.0396452
BJI,2025-01-06,0.0201952,0.197308,0.0433787
BJI,2025-01-07,0.0200457,0.182749,0.0428572
BJI,2025-01-08,0.0235383,0.331906,0.0493316
BJI,2025-01-09,0.0202882,0.176148,0.0437079
BJI,2025-01-10,0.0202338,0.183316,0.0432325
BJI,2025-01-11,0.0187728,0.163026,0.0402661
BJI,2025-01-12,0.0185106,0.184472,0.0396965
BJI,2025-01-13,0.0197847,0.173239,0.0424673
BJI,2025-01-14,0.016051,0.163624,0.0344426
BJI,2025-01-15,0.0153782,0.175877,0.0333654
BJI,2025-01-16,0.017342,0.302919,0.0369113
BJI,2025-01-17,0.0195074,0.173129,0.0418254
BJI,2025-01-18,0.0182364,0.146023,0.0393392
BJI,2025-01-19,0.0155475,0.173316,0.0335979
BJI,2025-01-20,0.0181984,0.187515,0.0391573
BJI,2025-01-21,0.0209621,0.224185,0.0447486
BJI,2025-01-22,0.0204462,0.166783,0.0438134
BJI,2025-01-23,0.0212491,0.23435,0.0457414
BJI,2025-01-24,0.0204707,0.153962,0.0439927
BJI,2025-01-25,0.0200708,0.157616,0.0431725
BJI,2025-01-26,0.0158845,0.185213,0.0338545
BJI,2025-01-27,0.0145392,0.139624,0.0312177
BJI,2025-01-28,0.013583,0.114052,0.0291686
BJI,2025-01-29,0.0134525,0.122958,0.0287817
BJI,2025-01-30,0.0137991,0.108727,0.0296538
BJI,2025-01-31,0.0134038,0.124287,0.0288524
BJI,2025-02-01,0.0132956,0.116293,0.0285405
BJI,2025-02-02,0.0134441,0.117567,0.028679
BJI,2025-02-03,0.0139845,0.140609,0.0298007
BJI,2025-02-04,0.014412,0.155643,0.0307472
BJI,2025-02-05,0.0196223,0.180168,0.0422436
BJI,2025-02-06,0.0198674,0.168622,0.0426438
BJI,2025-02-07,0.0194085,0.164607,0.0418042
BJI,2025-02-08,0.0193995,0.18354,0.0415962
BJI,2025-02-09,0.0149111,0.164366,0.0319171
BJI,2025-02-10,0.0181251,0.18564,0.0389844
BJI,2025-02-11,0.0196739,0.21096,0.0420781
BJI,2025-02-12,0.019672,0.169934,0.0422025
BJI,2025-02-13,0.0196601,0.180274,0.0421133
BJI,2025-02-14,0.0155516,0.227919,0.0331179
BJI,2025-02-15,0.0146478,0.161767,0.0316456
BJI,2025-02-16,0.0147117,0.336651,0.0312733
BJI,2025-02-17,0.0159525,0.166219,0.0342865
BJI,2025-02-18,0.0160828,0.171761,0.0345184
BJI,2025-02-19,0.0160837,0.183265,0.0343882
BJI,2025-02-20,0.0246476,0.265086,0.0531138
BJI,2025-02-21,0.0208692,0.251552,0.0446329
BJI,2025-02-22,0.0180816,0.162052,0.0389079
BJI,2025-02-23,0.0155029,0.157011,0.0333082
BJI,2025-02-24,0.015544,0.13214,0.0331288
BJI,2025-02-25,0.0237108,0.270938,0.0504557
BJI,2025-02-26,0.0224534,0.288808,0.047844
BJI,2025-02-27,0.0194552,0.317392,0.0413441
BJI,2025-02-28,0.0188457,0.420692,0.040013
BJI,2025-03-01,0.0173454,0.217654,0.0373263
BJI,2025-03-02,0.0198164,0.329797,0.0422261
BJI,2025-03-03,0.0168073,0.24896,0.0356558
BJI,2025-03-04,0.0241328,0.25212,0.0515566
BJI,2025-03-05,0.025322,0.264034,0.0543962
BJI,2025-03-06,0.0259501,0.232951,0.0558937
BJI,2025-03-07,0.0238062,0.228842,0.0509421
BJI,2025-03-08,0.0249893,0.36368,0.0534813
BJI,2025-03-09,0.0185186,0.213126,0.0396131
BJI,2025-03-10,0.022462,0.23064,0.0484041
BJI,2025-03-11,0.023848,0.229371,0.0513054
BJI,2025-03-12,0.0208288,0.355006,0.0445315
BJI,2025-03-13,0.0286042,0.254898,0.0614667
BJI,2025-03-14,0.0256802,0.26697,0.0551167
BJI,2025-03-15,0.0236736,0.201352,0.0504773
BJI,2025-03-16,0.0225442,0.320002,0.0480666
BJI,2025-03-17,0.0176685,0.227507,0.0375034
BJI,2025-03-18,0.0162186,0.125247,0.0348421
BJI,2025-03-19,0.0177226,0.165812,0.0379363
BJI,2025-03-20,0.0169692,0.172672,0.036293
BJI,2025-03-21,0.0303879,0.306745,0.0648795
BJI,2025-03-22,0.027924,0.298523,0.0598836
BJI,2025-03-23,0.0279838,0.246518,0.0602516
BJI,2025-03-24,0.0196657,0.258334,0.0410778
BJI,2025-03-25,0.0167226,0.175114,0.0357112
BJI,2025-03-26,0.0173391,0.283734,0.0366939
BJI,2025-03-27,0.0168845,0.185057,0.035973
BJI,2025-03-28,0.0166212,0.249059,0.0355165
BJI,2025-03-29,0.0273903,0.293045,0.0585004
BJI,2025-03-30,0.0283748,0.312207,0.0604192
BJI,2025-03-31,0.0191949,0.274295,0.0399482
BJI,2025-04-01,0.0174735,0.243501,0.0365472
BJI,2025-04-02,0.0293862,0.291622,0.0627834
BJI,2025-04-03,0.0305647,0.266963,0.065522
BJI,2025-04-04,0.0287691,0.272943,0.0616349
BJI,2025-04-05,0.0291511,0.272541,0.0623556
BJI,2025-04-06,0.0308567,0.368158,0.0654083
BJI,2025-04-07,0.0200973,0.259719,0.0419093
BJI,2025-04-08,0.0167797,0.252555,0.0355659
BJI,2025-04-09,0.0212807,0.221588,0.0454592
BJI,2025-04-10,0.0238332,0.277222,0.0511279
BJI,2025-04-11,0.0225061,0.215201,0.0486049
BJI,2025-04-12,0.0202564,0.170219,0.0434353
BJI,2025-04-13,0.0203123,0.236821,0.0434725
BJI,2025-04-14,0.0165138,0.184009,0.0354618
BJI,2025-04-15,0.0164011,0.188065,0.0349755
BJI,2025-04-16,0.0166284,0.155068,0.0352907
BJI,2025-04-17,0.0167721,0.273324,0.0357939
BJI,2025-04-18,0.018553,0.171309,0.0398901
BJI,2025-04-19,0.0175918,0.154343,0.0375168
BJI,2025-04-20,0.017682,0.171173,0.0379721
BJI,2025-04-21,0.0180256,0.209599,0.0385022
BJI,2025-04-22,0.0216908,0.21547,0.0463255
BJI,2025-04-23,0.0239223,0.223171,0.0513431
BJI,2025-04-24,0.0230847,0.238941,0.0494134
BJI,2025-04-25,0.0237434,0.218028,0.0510331
BJI,2025-04-26,0.0221168,0.192348,0.0474482
BJI,2025-04-27,0.0232906,0.233512,0.0502286
BJI,2025-04-28,0.0218715,0.184538,0.0470178
BJI,2025-04-29,0.0191724,0.181027,0.0411497
BJI,2025-04-30,0.0188299,0.167874,0.0403093
BJI,2025-05-01,0.0176355,0.200754,0.037655
BJI,2025-05-02,0.017847,0.137618,0.038219
BJI,2025-05-03,0.0271507,0.252738,0.0582354
BJI,2025-05-04,0.0300857,0.257747,0.0644867
BJI,2025-05-05,0.0299311,0.385665,0.0640573
BJI,2025-05-06,0.0173978,0.224824,0.0371626
BJI,2025-05-07,0.0183674,0.189101,0.0394147
BJI,2025-05-08,0.0154033,0.206987,0.0325913
BJI,2025-05-09,0.0157183,0.273286,0.0328851
BJI,2025-05-10,0.015097,0.150318,0.0323433
BJI,2025-05-11,0.0169841,0.22257,0.0360863
BJI,2025-05-12,0.0188491,0.449161,0.039843
BJI,2025-05-13,0.0278733,0.413733,0.0594312
BJI,2025-05-14,0.0327569,0.344213,0.0698888
BJI,2025-05-15,0.0338099,0.319037,0.0723364
BJI,2025-05-16,0.033655,0.314155,0.0719604
BJI,2025-05-17,0.0300188,0.305581,0.0641512
BJI,2025-05-18,0.0225336,0.236851,0.0475495
BJI,2025-05-19,0.0177413,0.269045,0.0377413
BJI,2025-05-20,0.0183822,0.340483,0.0391047
BJI,2025-05-21,0.0171279,0.427986,0.0352059
BJI,2025-05-22,0.016743,0.466336,0.0349355
BJI,2025-05-23,0.0218362,0.550671,0.0454672
BJI,2025-05-24,0.0248389,0.224256,0.0528365
BJI,2025-05-25,0.0228623,0.217559,0.0492124
BJI,2025-05-26,0.0203767,0.209619,0.0440454
BJI,2025-05-27,0.019123,0.241712,0.0411453
BJI,2025-05-28,0.0194763,0.251873,0.0414458
BJI,2025-05-29,0.019653,0.208422,0.0419764
BJI,2025-05-30,0.0199169,0.198389,0.0426546
BJI,2025-05-31,0.0237865,0.313054,0.0510018
BJI,2025-06-01,0.0189762,0.199435,0.0407125
BJI,2025-06-02,0.0176083,0.254658,0.0374398
BJI,2025-06-03,0.0180067,0.208702,0.038434
BJI,2025-06-04,0.0186038,0.344628,0.0393956
BJI,2025-06-05,0.0188578,0.209137,0.0403467
BJI,2025-06-06,0.0186969,0.253475,0.0399545
BJI,2025-06-07,0.0167693,0.262492,0.0356008
BJI,2025-06-08,0.0173023,0.181859,0.0371071
BJI,2025-06-09,0.0161156,0.160814,0.034303
BJI,2025-06-10,0.0192961,0.222396,0.0408095
BJI,2025-06-11,0.0228574,0.253241,0.0492217
BJI,2025-06-12,0.0249819,0.247087,0.0537775
BJI,2025-06-13,0.0236157,0.235888,0.0504347
BJI,2025-06-14,0.023385,0.261044,0.050166
BJI,2025-06-15,0.0231166,0.232224,0.0491252
BJI,2025-06-16,0.0189968,0.298424,0.0403378
BJI,2025-06-18,0.0186205,0.572488,0.0385695
BJI,2025-06-19,0.0181857,0.174304,0.0389734
BJI,2025-06-20,0.0178696,0.213697,0.03817
BJI,2025-06-21,0.0167439,0.164871,0.0359262
BJI,2025-06-22,0.0163762,0.185622,0.0349929
BJI,2025-06-23,0.0258397,0.330685,0.0531403
BJI,2025-06-24,0.0316244,0.317969,0.0676362
BJI,2025-06-25,0.0208842,0.277593,0.0437648
BJI,2025-06-26,0.0180487,0.27503,0.0384093
BJI,2025-06-27,0.0299431,0.258351,0.0640935
BJI,2025-06-28,0.0279548,0.27905,0.0599938
BJI,2025-06-29,0.0282469,0.28776,0.0603192
BJI,2025-06-30,0.0204969,0.318174,0.042215
BJI,2025-07-01,0.0132385,0.11035,0.0284366
BJI,2025-07-02,0.015024,0.233434,0.032097
BJI,2025-07-03,0.0143687,0.162836,0.0307643
BJI,2025-07-04,0.0221782,3.26574,0.0333666
BJI,2025-07-05,0.0134953,0.151785,0.0286417
BJI,2025-07-06,0.0189034,0.213369,0.0400464
BJI,2025-07-07,0.0213589,0.214067,0.0455149
BJI,2025-07-08,0.0179024,0.152767,0.0382115
BJI,2025-07-09,0.018807,0.248668,0.0399446
BJI,2025-07-10,0.0185557,0.157854,0.0395918
BJI,2025-07-11,0.018138,0.155284,0.0385673
BJI,2025-07-12,0.0173707,0.210269,0.0370205
BJI,2025-07-13,0.0165622,0.141203,0.0354528
BJI,2025-07-14,0.017269,0.340496,0.0370922
BJI,2025-07-15,0.0312891,0.436117,0.0672582
BJI,2025-07-16,0.0321041,0.546143,0.0683051
BJI,2025-07-17,0.030657,0.321753,0.0652015
BJI,2025-07-18,0.0305977,0.308097,0.0657164
BJI,2025-07-19,0.02882,0.396082,0.0612291
BJI,2025-07-20,0.0328156,0.379249,0.0704974
BJI,2025-07-21,0.022054,0.243445,0.046489
BJI,2025-07-22,0.0175103,0.178294,0.0375201
BJI,2025-07-23,0.0176269,0.180283,0.0376311
BJI,2025-07-24,0.0180426,0.180404,0.0387484
BJI,2025-07-25,0.016986,0.184066,0.0362895
BJI,2025-07-26,0.0155403,0.144422,0.0332745
BJI,2025-07-27,0.0114939,0.144408,0.024628
BJI,2025-07-28,0.0114611,0.102073,0.02471
BJI,2025-07-29,0.011416,0.126853,0.0245424
BJI,2025-07-30,0.0119167,0.103306,0.0255249
BJI,2025-07-31,0.012722,0.11086,0.02756
BJI,2025-08-01,0.02008,0.211894,0.042764
BJI,2025-08-02,0.0202706,0.170954,0.0428012
BJI,2025-08-03,0.0142907,0.230452,0.0301985
BJI,2025-08-04,0.0119203,0.141403,0.0255074
BJI,2025-08-05,0.0131913,0.153612,0.0282806
BJI,2025-08-06,0.0125617,0.112731,0.0270135
BJI,2025-08-07,0.0124148,0.247464,0.0263318
BJI,2025-08-08,0.0188182,0.204464,0.0402414
BJI,2025-08-09,0.017289,0.267947,0.0363686
BJI,2025-08-10,0.0177993,0.271125,0.0379099
BJI,2025-08-11,0.0206141,0.452775,0.0423847
BJI,2025-08-12,0.0313149,0.40335,0.0673221
BJI,2025-08-13,0.0345729,0.375472,0.074228
BJI,2025-08-14,0.0263671,0.255861,0.0568081
BJI,2025-08-15,0.0265684,0.256343,0.0568315
BJI,2025-08-16,0.0247118,0.308518,0.0530335
BJI,2025-08-17,0.0235987,0.244937,0.0507796
BJI,2025-08-18,0.0181854,0.214495,0.0389164
BJI,2025-08-19,0.0116636,0.120489,0.0249535
BJI,2025-08-20,0.0181134,0.185181,0.039221
BJI,2025-08-21,0.0187277,0.272681,0.0398271
BJI,2025-08-22,0.0190455,0.26935,0.0404837
BJI,2025-08-25,0.0289773,0.275375,0.0622079
BJI,2025-08-26,0.0300503,0.328452,0.064571
BJI,2025-08-27,0.0276401,0.313394,0.0595515
BJI,2025-08-28,0.0226448,0.269701,0.0477563
BJI,2025-08-29,0.0333844,0.350677,0.071829
BJI,2025-08-31,0.0303866,0.414563,0.0645983
BJI,2025-09-01,0.029783,0.406343,0.0643553
BJI,2025-09-02,0.0325206,0.320233,0.0698751
BJI,2025-09-03,0.0317442,0.34478,0.0681686
BJI,2025-09-04,0.0329205,0.352036,0.0703706
BJI,2025-09-05,0.0338869,0.333565,0.0726212
BJI,2025-09-06,0.0308393,0.308346,0.0659127
BJI,2025-09-07,0.0316679,0.366931,0.0670748
BJI,2025-09-08,0.0234229,0.311466,0.0495592
BJI,2025-09-09,0.0309608,0.307767,0.0663517
BJI,2025-09-10,0.0327175,0.276967,0.070093
BJI,2025-09-11,0.0311622,0.395592,0.0669068
BJI,2025-09-12,0.0296564,0.370771,0.0636695
BJI,2025-09-14,0.0292777,0.261129,0.0628441
BJI,2025-09-15,0.0223668,0.29144,0.0472404
BJI,2025-09-17,0.0212991,0.189834,0.0457561
BJI,2025-09-18,0.0205993,0.189983,0.0442894
BJI,2025-09-19,0.0200938,0.180539,0.0431263
BJI,2025-09-20,0.019897,0.307561,0.0419807
BJI,2025-09-21,0.0221031,0.468348,0.0458841
BJI,2025-09-22,0.0236873,0.354709,0.0496262
BJI,2025-09-23,0.0299889,0.389572,0.0642264
BJI,2025-09-24,0.0290105,0.334959,0.0624222
BJI,2025-09-25,0.0258538,0.260787,0.0556072
BJI,2025-09-26,0.0257366,0.226581,0.0552281
BJI,2025-09-27,0.024785,0.247237,0.052932
BJI,2025-09-28,0.0252296,0.418896,0.0538213
BJI,2025-09-29,0.0212722,0.361472,0.0436535
BJI,2025-09-30,0.0190162,0.189016,0.0405973
BJI,2025-10-01,0.0149354,0.171372,0.0319482
BJI,2025-10-02,0.0161266,0.299506,0.0344285
BJI,2025-10-03,0.0164894,0.156927,0.0354262
BJI,2025-10-04,0.0154486,0.207113,0.0330502
BJI,2025-10-05,0.0187487,0.175662,0.0403247
BJI,2025-10-06,0.0204173,0.20059,0.0434695
BJI,2025-10-08,0.0211446,0.22868,0.0451749
BJI,2025-10-09,0.0237332,0.362104,0.0505158
BJI,2025-10-10,0.0256723,0.257817,0.0551697
BJI,2025-10-11,0.0225639,0.256256,0.0478007
HZC,2025-01-01,0.00284159,0.0339745,0.00604303
HZC,2025-01-02,0.00295406,0.0293978,0.0062252
HZC,2025-01-03,0.00223135,0.0210905,0.0047712
HZC,2025-01-04,0.00249687,0.0217045,0.00534755
HZC,2025-01-05,0.00241669,0.0250785,0.00520321
HZC,2025-01-06,0.00227122,0.0221701,0.00490012
HZC,2025-01-07,0.0025521,0.0376937,0.00549951
HZC,2025-01-08,0.00256903,0.0270413,0.00549141
HZC,2025-01-09,0.00222849,0.0188386,0.00484726
HZC,2025-01-10,0.00248593,0.023914,0.00531253
HZC,2025-01-11,0.00245651,0.0338407,0.00528314
HZC,2025-01-12,0.00232829,0.0229907,0.00499281
HZC,2025-01-13,0.00244946,0.0277702,0.00519923
HZC,2025-01-14,0.00219372,0.0184742,0.0047646
HZC,2025-01-15,0.00266436,0.0345591,0.00573717
HZC,2025-01-16,0.00246188,0.0250788,0.00526411
HZC,2025-01-17,0.00235035,0.0266215,0.00502289
HZC,2025-01-18,0.00268283,0.0307519,0.00578733
HZC,2025-01-20,0.00276327,0.0303914,0.00595702
HZC,2025-01-21,0.00251388,0.0291294,0.00543201
HZC,2025-01-22,0.00250095,0.0246135,0.00533634
HZC,2025-01-23,0.00239657,0.0255499,0.00508252
HZC,2025-01-24,0.00223381,0.0230512,0.00481907
HZC,2025-01-25,0.00240036,0.0240319,0.00510457
HZC,2025-01-26,0.00263768,0.0279434,0.00566274
HZC,2025-01-27,0.00230104,0.0263598,0.00496595
HZC,2025-01-28,0.00234537,0.0217893,0.00500631
HZC,2025-01-29,0.0025215,0.0272119,0.00545068
HZC,2025-01-30,0.00257591,0.0241524,0.00550516
HZC,2025-01-31,0.00232386,0.0239488,0.00497599
HZC,2025-02-02,0.00261881,0.0294316,0.00557645
HZC,2025-02-03,0.00250296,0.0248837,0.00533589
HZC,2025-02-04,0.00270057,0.0274252,0.00570855
HZC,2025-02-05,0.00258512,0.0271331,0.0055117
HZC,2025-02-06,0.00261377,0.0274917,0.00557194
HZC,2025-02-07,0.00239474,0.0233232,0.00505882
HZC,2025-02-08,0.00253663,0.0268889,0.00540469
HZC,2025-02-09,0.00226979,0.0247466,0.00483096
HZC,2025-02-10,0.00243861,0.0228899,0.00524588
HZC,2025-02-11,0.00245607,0.0229327,0.00524309
HZC,2025-02-12,0.00233629,0.0271802,0.00499651
HZC,2025-02-13,0.00223128,0.0228984,0.00481464
HZC,2025-02-15,0.00258543,0.0245568,0.00550603
HZC,2025-02-16,0.00241614,0.0218926,0.00517562
HZC,2025-02-19,0.00263019,0.0256946,0.00556767
HZC,2025-02-22,0.00266839,0.034332,0.00579312
HZC,2025-02-23,0.00269656,0.0380059,0.00570544
HZC,2025-02-27,0.00285921,0.0293455,0.00609918
HZC,2025-02-28,0.00284927,0.0376967,0.00612192
HZC,2025-03-01,0.00256041,0.0227088,0.00540037
HZC,2025-03-02,0.00268569,0.0226724,0.00569072
HZC,2025-03-03,0.0026984,0.0262739,0.0057366
HZC,2025-03-04,0.00278186,0.0289778,0.00591545
HZC,2025-03-11,0.00268882,0.0281865,0.00576764
HZC,2025-03-12,0.00281701,0.0435813,0.00592381
HZC,2025-03-13,0.00214163,0.0213576,0.00462043
HZC,2025-03-14,0.00283118,0.0256677,0.00596318
HZC,2025-03-16,0.00289323,0.032855,0.00613347
HZC,2025-03-17,0.00286966,0.0322086,0.00608657
HZC,2025-03-18,0.00325461,0.0436246,0.00687142
HZC,2025-03-20,0.00348288,0.0357712,0.00749422
HZC,2025-03-21,0.00320068,0.0328329,0.00673132
HZC,2025-03-22,0.00273288,0.0284903,0.00569741
HZC,2025-03-23,0.0029064,0.0349741,0.006145
HZC,2025-03-24,0.00316991,0.0357591,0.00666464
HZC,2025-03-26,0.00280994,0.0309524,0.00602149
HZC,2025-03-27,0.00269182,0.0630456,0.00567882
HZC,2025-03-28,0.00286435,0.0358982,0.0061392
HZC,2025-03-29,0.00343113,0.0372445,0.00717922
HZC,2025-03-30,0.00373872,0.0363593,0.00840084
HZC,2025-03-31,0.00316868,0.0390837,0.00690767
HZC,2025-04-02,0.00365258,0.0462994,0.00799816
HZC,2025-04-04,0.00300055,0.0292545,0.00642894
HZC,2025-04-05,0.00262673,0.0274487,0.00558277
HZC,2025-04-06,0.00317488,0.0335304,0.00668156
HZC,2025-04-08,0.00338302,0.0391848,0.00710135
HZC,2025-04-09,0.00329316,0.0788532,0.00721365
HZC,2025-04-10,0.00296011,0.035156,0.00637444
HZC,2025-04-11,0.00429441,0.32985,0.00783459
HZC,2025-04-12,0.00340975,0.04222,0.00733772
HZC,2025-04-13,0.00340975,0.0386616,0.00760706
HZC,2025-04-14,0.0033196,0.0426713,0.00719591
HZC,2025-04-15,0.00329537,0.0318542,0.00701985
HZC,2025-04-17,0.00287246,0.0313183,0.00624785
HZC,2025-04-18,0.00267122,0.0258892,0.00568138
HZC,2025-04-19,0.00265506,0.0307784,0.00561175
HZC,2025-04-20,0.00234974,0.0240097,0.00503937
HZC,2025-04-21,0.00302044,0.0665689,0.00619779
HZC,2025-04-22,0.00252365,0.0232444,0.00535986
HZC,2025-04-23,0.00296209,0.0289041,0.00626377
HZC,2025-04-24,0.00317369,0.0327754,0.0068167
HZC,2025-04-25,0.00265074,0.0239995,0.00562711
HZC,2025-04-26,0.00277005,0.0258521,0.00585195
HZC,2025-04-27,0.00302342,0.0282595,0.00634934
HZC,2025-04-30,0.00278614,0.0292474,0.00583252
HZC,2025-05-02,0.00243758,0.0276413,0.0051979
HZC,2025-05-03,0.00238328,0.022403,0.00512854
HZC,2025-05-04,0.00233637,0.0248885,0.0049672
HZC,2025-05-06,0.00238082,0.0250803,0.00499422
HZC,2025-05-08,0.00270872,0.0250901,0.0057878
HZC,2025-05-09,0.00273698,0.0253294,0.0058122
HZC,2025-05-10,0.00239784,0.023118,0.00511693
HZC,2025-05-11,0.00280345,0.0264604,0.00598032
HZC,2025-05-12,0.00308548,0.0358036,0.00656173
HZC,2025-05-13,0.00276291,0.0316745,0.00587885
HZC,2025-05-14,0.00258661,0.0273825,0.00551271
HZC,2025-05-15,0.00264572,0.0288054,0.00559119
HZC,2025-05-16,0.00268386,0.0323155,0.00567306
HZC,2025-05-18,0.00246842,0.0303464,0.00534818
HZC,2025-05-20,0.00243513,0.033289,0.00517692
HZC,2025-05-21,0.00232698,0.0296321,0.00496906
HZC,2025-05-23,0.00294028,0.0268919,0.00621717
HZC,2025-05-24,0.00296081,0.0317435,0.00621956
HZC,2025-05-25,0.00273292,0.0241242,0.00574139
HZC,2025-05-28,0.00313591,0.034171,0.00657671
HZC,2025-05-29,0.00284267,0.0279985,0.00594332
HZC,2025-05-30,0.00245671,0.025107,0.00522819
HZC,2025-05-31,0.00245652,0.0312226,0.0052224
HZC,2025-06-01,0.00292503,0.0354626,0.00622447
HZC,2025-06-02,0.00245639,0.0279088,0.00525754
HZC,2025-06-03,0.00283402,0.0266192,0.00602291
HZC,2025-06-04,0.00240779,0.020878,0.00507985
HZC,2025-06-05,0.00253537,0.0282578,0.00538283
HZC,2025-06-06,0.00280913,0.0305247,0.00586656
HZC,2025-06-07,0.00259947,0.0329138,0.0054961
HZC,2025-06-09,0.00265055,0.0255046,0.005609
HZC,2025-06-11,0.00282751,0.0269626,0.00600743
HZC,2025-06-12,0.0024476,0.0238118,0.00522066
HZC,2025-07-07,0.00241308,0.0257097,0.00515492
HZC,2025-07-09,0.00276771,0.031206,0.00589418
HZC,2025-07-11,0.0027172,0.0313633,0.00575771
HZC,2025-07-12,0.0025359,0.0265865,0.00540533
HZC,2025-07-13,0.00316058,0.0383962,0.00682403
HZC,2025-07-14,0.00289862,0.0350128,0.0060953
HZC,2025-07-15,0.00298943,0.0282695,0.0061993
HZC,2025-07-16,0.0027449,0.0358244,0.00579783
HZC,2025-07-19,0.00260914,0.0305411,0.00552635
HZC,2025-07-20,0.00216162,0.0215171,0.00460231
HZC,2025-07-22,0.00248552,0.0269846,0.0052056
HZC,2025-07-25,0.00307678,0.0323397,0.00649195
HZC,2025-07-26,0.00258916,0.0255844,0.00543481
HZC,2025-07-27,0.00217761,0.0269491,0.00466449
HZC,2025-07-28,0.00207542,0.0182711,0.00443149
HZC,2025-07-31,0.00291225,0.0362245,0.00627745
HZC,2025-08-02,0.00234216,0.0302572,0.00500881
HZC,2025-08-03,0.00259737,0.0334184,0.00551474
HZC,2025-08-04,0.00302631,0.0313699,0.0066966
HZC,2025-08-05,0.00308738,0.0284423,0.00645167
HZC,2025-08-06,0.00300752,0.0259496,0.00646497
HZC,2025-08-07,0.00288739,0.0323866,0.00600704
HZC,2025-08-08,0.0030268,0.0297692,0.00635821
HZC,2025-08-09,0.00270002,0.0298257,0.00577148
HZC,2025-08-10,0.00238144,0.0334447,0.0051383
HZC,2025-08-11,0.00223026,0.0244057,0.00474714
HZC,2025-08-13,0.00263233,0.0269703,0.00552343
HZC,2025-08-13,0.00263233,0.0269703,0.00552343
HZC,2025-08-14,0.00230541,0.0323059,0.0048636
HZC,2025-08-21,0.00295742,0.160108,0.00603434
HZC,2025-08-23,0.00231044,0.0236726,0.00493135
HZC,2025-08-24,0.0029355,0.0431755,0.00649855
HZC,2025-08-25,0.00279301,0.033388,0.0060072
HZC,2025-08-27,0.00267639,0.0321644,0.00577272
HZC,2025-08-29,0.00313605,0.0309763,0.00672652
HZC,2025-08-30,0.00208947,0.0260295,0.00450539
HZC,2025-08-31,0.00237319,0.0252078,0.00505445
HZC,2025-09-01,0.00228538,0.0245034,0.00489601
HZC,2025-09-02,0.00243793,0.029103,0.0051738
HZC,2025-09-03,0.00258911,0.029213,0.00542499
HZC,2025-09-04,0.00263687,0.0299133,0.00558736
HZC,2025-09-05,0.00285636,0.03546,0.00601806
HZC,2025-09-06,0.00306703,0.0523696,0.00654063
HZC,2025-09-07,0.0023748,0.026175,0.00502325
HZC,2025-09-08,0.00298554,0.0316655,0.00644688
HZC,2025-09-09,0.0039066,0.382837,0.00634538
HZC,2025-09-10,0.00283227,0.0291582,0.00605442
HZC,2025-09-11,0.00271218,0.0358431,0.0057474
HZC,2025-09-12,0.00282564,0.0296003,0.00601961
HZC,2025-09-13,0.00381464,0.492536,0.0056631
HZC,2025-09-20,0.00280226,0.029801,0.00599245
HZC,2025-09-24,0.00304133,0.03196,0.00655539
HZC,2025-09-25,0.00288154,0.0276552,0.00627482
HZC,2025-09-26,0.00246132,0.0271455,0.00522546
HZC,2025-09-27,0.00261685,0.0243844,0.00551473
HZC,2025-09-28,0.00279098,0.0322167,0.0059539
HZC,2025-09-29,0.00241144,0.0214058,0.00510689
HZC,2025-09-30,0.00290024,0.0271627,0.00610707
TAY,2023-12-04,0.00274567,0.0516488,0.00554445
TAY,2023-12-05,0.0026917,0.0444328,0.00548146
TAY,2023-12-06,0.00271657,0.0795239,0.00547129
TAY,2023-12-07,0.00295414,0.0862251,0.0058665
TAY,2023-12-08,0.00290892,0.102077,0.00566586
TAY,2023-12-09,0.00298211,0.0712496,0.00600134
TAY,2023-12-10,0.00281925,0.142628,0.00532292
TAY,2023-12-11,0.00310586,0.0852308,0.00594009
TAY,2023-12-13,0.00291311,0.0538902,0.0058538
TAY,2023-12-14,0.00274735,0.0854944,0.00542012
TAY,2023-12-15,0.00272851,0.0573074,0.00559529
TAY,2023-12-16,0.00282664,0.102787,0.00567283
TAY,2023-12-17,0.00292995,0.0637884,0.0058074
TAY,2023-12-18,0.00357425,0.0750543,0.0071996
TAY,2023-12-19,0.00268128,0.0432581,0.00551362
TAY,2023-12-20,0.00318194,0.0758102,0.00628401
TAY,2023-12-21,0.00300249,0.0934317,0.00601063
TAY,2023-12-22,0.00287737,0.13319,0.00543262
TAY,2023-12-23,0.00278393,0.0626321,0.00551271
TAY,2023-12-24,0.00283395,0.0915037,0.00557152
TAY,2023-12-25,0.00275798,0.102192,0.00529148
TAY,2023-12-26,0.00273432,0.0429057,0.00557232
TAY,2023-12-27,0.00306199,0.0860464,0.00592172
TAY,2023-12-28,0.00320974,0.11037,0.00609056
TAY,2023-12-29,0.00273554,0.078761,0.00537995
TAY,2023-12-30,0.00285725,0.107651,0.00539726
TAY,2023-12-31,0.002757,0.130824,0.00515494
TAY,2024-01-01,0.00277569,0.0605294,0.00549999
TAY,2024-01-02,0.00282494,0.113056,0.00561083
TAY,2024-01-03,0.00264915,0.0615735,0.00539462
TAY,2024-01-04,0.00285575,0.0837709,0.00560563
TAY,2024-01-05,0.00280709,0.0912299,0.00543249
TAY,2024-01-06,0.00283095,0.0791379,0.00561832
TAY,2024-01-07,0.00297115,0.0722718,0.0057235
TAY,2024-01-08,0.00296995,0.05097,0.00601006
TAY,2024-01-09,0.00294147,0.0976198,0.00585957
TAY,2024-01-10,0.00287736,0.0717252,0.00574633
TAY,2024-01-11,0.00264,0.0647376,0.00527209
TAY,2024-01-12,0.00298195,0.0517564,0.00600809
TAY,2024-01-13,0.00284615,0.0593573,0.00568751
TAY,2024-01-14,0.00271501,0.0816958,0.00533784
TAY,2024-01-15,0.0028989,0.0779445,0.00568125
TAY,2024-01-16,0.00270932,0.0722197,0.00542687
TAY,2024-01-17,0.00290958,0.0613743,0.00577434
TAY,2024-01-18,0.00300128,0.115796,0.0057205
TAY,2024-01-19,0.00290943,0.0858292,0.00574701
TAY,2024-01-20,0.00295361,0.146865,0.00543481
TAY,2024-01-21,0.00272647,0.088399,0.00543008
TAY,2024-01-22,0.00288946,0.0822684,0.00562806
TAY,2024-01-23,0.00287767,0.0421341,0.00590342
TAY,2024-01-24,0.00297321,0.0961188,0.00584901
TAY,2024-01-25,0.0028109,0.108069,0.00563156
TAY,2024-01-26,0.00259625,0.0456336,0.00527182
TAY,2024-01-27,0.00280632,0.0687921,0.00545436
TAY,2024-01-28,0.00283623,0.057161,0.00563636
TAY,2024-01-29,0.00292853,0.091451,0.00581705
TAY,2024-01-30,0.0027273,0.0465139,0.00553636
TAY,2024-01-31,0.00266771,0.0751729,0.00528291
TAY,2024-02-01,0.00285949,0.0856311,0.00569589
TAY,2024-02-02,0.00261657,0.0557947,0.00518058
TAY,2024-02-06,0.00298694,0.0757014,0.00593228
TAY,2024-02-07,0.00277171,0.0588718,0.00553489
TAY,2024-02-08,0.00276911,0.10048,0.00540922
TAY,2024-02-09,0.00270123,0.119031,0.00525152
TAY,2024-02-10,0.00311578,0.0702905,0.00627914
TAY,2024-02-11,0.0028746,0.0942116,0.00561701
TAY,2024-02-12,0.00273967,0.0375041,0.005578
TAY,2024-02-13,0.00298426,0.0614347,0.00588847
TAY,2024-02-14,0.00292602,0.0899524,0.00572843
TAY,2024-02-15,0.00300714,0.0733626,0.0058728
TAY,2024-02-16,0.00282765,0.065589,0.00555903
TAY,2024-02-18,0.0028087,0.0894809,0.00553351
TAY,2024-02-19,0.00296354,0.123608,0.00571325
TAY,2024-02-20,0.00274357,0.0540296,0.00557559
TAY,2024-02-21,0.00288956,0.0653548,0.00577302
TAY,2024-02-22,0.00282455,0.0844958,0.00565881
TAY,2024-02-23,0.00296025,0.0624456,0.00587798
TAY,2024-02-24,0.00269545,0.0515822,0.0054262
TAY,2024-02-25,0.00264723,0.0630234,0.005229
TAY,2024-02-26,0.00265973,0.0876114,0.00524329
TAY,2024-02-27,0.00274322,0.0963254,0.00530701
TAY,2024-02-28,0.00296687,0.0670504,0.00603243
TAY,2024-02-29,0.0029424,0.0526863,0.00584809
TAY,2024-03-01,0.00295783,0.0679502,0.00583642
TAY,2024-03-02,0.00259303,0.0570826,0.00519993
TAY,2024-03-03,0.00304057,0.0485087,0.00628318
TAY,2024-03-04,0.00325252,0.0847015,0.00649266
TAY,2024-03-05,0.00304228,0.0523699,0.00603787
TAY,2024-03-06,0.00352853,0.0842704,0.00706813
TAY,2024-03-07,0.00306048,0.0478236,0.00620666
TAY,2024-03-08,0.00321346,0.0865627,0.00629588
TAY,2024-03-09,0.00327828,0.0963571,0.00644768
TAY,2024-03-10,0.00317926,0.104106,0.00631222
TAY,2024-03-11,0.00349057,0.096573,0.00671108
TAY,2024-03-13,0.00341413,0.050236,0.00686753
TAY,2024-03-14,0.00341525,0.0710691,0.00670953
TAY,2024-03-15,0.00339222,0.0900514,0.00675178
TAY,2024-03-16,0.00354203,0.0880152,0.00698673
TAY,2024-03-17,0.0033151,0.139728,0.00661064
TAY,2024-03-18,0.00365021,0.0692696,0.00725066
TAY,2024-03-19,0.00376844,0.0757795,0.00755693
TAY,2024-03-20,0.00350086,0.207832,0.00673067
TAY,2024-03-21,0.00333948,0.0710418,0.00669278
TAY,2024-03-22,0.00332737,0.0612821,0.00668127
TAY,2024-03-23,0.00366434,0.0720276,0.00740023
TAY,2024-03-24,0.00347391,0.0911611,0.00700192
TAY,2024-03-25,0.00349353,0.0507605,0.00719781
TAY,2024-03-26,0.0032299,0.0444145,0.0065721
TAY,2024-03-27,0.0032727,0.0754283,0.00661222
TAY,2024-03-28,0.00349327,0.0881125,0.00701261
TAY,2024-03-29,0.00362967,0.0674147,0.00725878
TAY,2024-03-30,0.00362124,0.0726212,0.00725756
TAY,2024-03-31,0.0031444,0.081416,0.00624195
TAY,2024-04-01,0.00319407,0.0498726,0.00652968
TAY,2024-04-02,0.00328858,0.126618,0.00616821
TAY,2024-04-03,0.00339024,0.105114,0.00657806
TAY,2024-04-04,0.00323565,0.0793151,0.00649521
TAY,2024-04-07,0.00328793,0.0822022,0.00664881
TAY,2024-04-08,0.0033368,0.068963,0.00662993
TAY,2024-04-09,0.00316235,0.0657315,0.00645189
TAY,2024-04-10,0.00342775,0.124402,0.00671305
TAY,2024-04-11,0.0034858,0.15183,0.00675947
TAY,2024-04-12,0.00366724,0.0877373,0.00739244
TAY,2024-04-13,0.00332106,0.0693716,0.00663948
TAY,2024-04-14,0.00322707,0.0431084,0.00652131
TAY,2024-04-15,0.0035385,0.0494674,0.00727913
TAY,2024-04-16,0.0032973,0.0458898,0.0067113
TAY,2024-04-17,0.00314711,0.0525865,0.00643682
TAY,2024-04-19,0.00322977,0.062964,0.00653547
TAY,2024-04-20,0.00287278,0.0458876,0.00581765
TAY,2024-04-21,0.0030118,0.0655645,0.00609405
TAY,2024-04-22,0.00334943,0.0657122,0.00676661
TAY,2024-04-23,0.00318561,0.0515243,0.00653873
TAY,2024-04-24,0.00316561,0.113407,0.00633322
TAY,2024-04-25,0.00364017,0.0556207,0.00728911
TAY,2024-04-26,0.00325007,0.0560047,0.00676
TAY,2024-04-27,0.00328744,0.066952,0.00656594
TAY,2024-04-28,0.00348999,0.0492826,0.00713697
TAY,2024-04-29,0.00303026,0.0402552,0.00619539
TAY,2024-04-30,0.00338668,0.129455,0.00670573
TAY,2024-05-01,0.00338765,0.0680951,0.006771
TAY,2024-05-02,0.00342266,0.0467451,0.00695164
TAY,2024-05-03,0.0030912,0.0676431,0.00619997
TAY,2024-05-04,0.00326429,0.074679,0.00665166
TAY,2024-05-05,0.00332311,0.0625391,0.0067192
TAY,2024-05-06,0.00306966,0.132856,0.00613703
TAY,2024-05-07,0.00320833,0.0596366,0.00650941
TAY,2024-05-08,0.00362264,0.0943052,0.00717289
TAY,2024-05-09,0.00361469,0.0564767,0.00738878
TAY,2024-05-10,0.00479481,0.0662019,0.00973982
TAY,2024-05-11,0.006533,0.0850259,0.014005
TAY,2024-05-12,0.00393792,0.0788619,0.00792433
TAY,2024-05-13,0.00391014,0.0531657,0.00812562
TAY,2024-05-14,0.00344504,0.0351456,0.00706107
TAY,2024-05-15,0.00375647,0.0488743,0.00762186
TAY,2024-05-16,0.00397314,0.0531592,0.00811918
TAY,2024-05-17,0.00313911,0.0444632,0.00643344
TAY,2024-05-18,0.00356634,0.0487305,0.00716265
TAY,2024-05-19,0.00306831,0.0850469,0.00625295
TAY,2024-05-20,0.00317365,0.0667462,0.00639018
TAY,2024-05-21,0.00360408,0.068761,0.00727186
TAY,2024-05-22,0.00350776,0.0417727,0.00709392
TAY,2024-05-23,0.00325648,0.0818088,0.00662384
TAY,2024-05-24,0.0035735,0.0791275,0.00725947
TAY,2024-05-25,0.00332758,0.208179,0.00599513
TAY,2024-05-26,0.00337851,0.0631274,0.00681859
TAY,2024-05-27,0.00365983,0.0499372,0.00742942
TAY,2024-05-28,0.00319794,0.0542036,0.00657885
TAY,2024-05-29,0.00331542,0.0810948,0.00670226
TAY,2024-05-30,0.00315466,0.0813707,0.00627613
TAY,2024-05-31,0.00310287,0.0437338,0.00631314
TAY,2024-06-01,0.00329676,0.0792082,0.00665611
TAY,2024-06-02,0.00338532,0.100627,0.00681566
TAY,2024-06-03,0.00442875,0.0519726,0.00909806
TAY,2024-06-04,0.00395093,0.0578141,0.00805711
TAY,2024-06-05,0.00359706,0.0477062,0.00732471
TAY,2024-06-06,0.00365042,0.097428,0.00734872
TAY,2024-06-08,0.00389055,0.0582449,0.00791551
TAY,2024-06-09,0.0032816,0.0486207,0.00671459
TAY,2024-06-10,0.00381019,0.0529747,0.0076113
TAY,2024-06-11,0.00328472,0.0639537,0.00672542
TAY,2024-06-12,0.00325144,0.0606518,0.00654882
TAY,2024-06-13,0.00330276,0.042568,0.00680282
TAY,2024-06-14,0.00365692,0.0529734,0.00746052
TAY,2024-06-15,0.00367391,0.0754792,0.00736
TAY,2024-06-16,0.00310665,0.0504036,0.00632411
TAY,2024-06-17,0.00352008,0.0711128,0.00714798
TAY,2024-06-18,0.00414404,0.0700421,0.00833953
TAY,2024-06-19,0.00319941,0.0465954,0.00656382
TAY,2024-06-20,0.00354372,0.0867711,0.00726188
TAY,2024-06-21,0.00305053,0.0523479,0.00613889
TAY,2024-06-25,0.00359945,0.0543237,0.00733872
TAY,2024-06-26,0.00388553,0.0658973,0.00793824
TAY,2024-06-27,0.00377332,0.0434287,0.00772071
TAY,2024-07-05,0.00380636,0.0913157,0.00773462
TAY,2024-07-10,0.00345341,0.0547682,0.00703708
TAY,2024-07-11,0.00379561,0.055939,0.00783727
TAY,2024-07-12,0.00348989,0.0727325,0.00705149
TAY,2024-07-14,0.00348459,0.103164,0.00702729
TAY,2024-07-15,0.00337849,0.0723743,0.00681866
TAY,2024-07-16,0.0034501,0.0941969,0.00686306
TAY,2024-07-17,0.00379017,0.0522395,0.00767806
TAY,2024-07-18,0.00365582,0.0455206,0.00754979
TAY,2024-07-19,0.00411619,0.105618,0.00815773
TAY,2024-07-20,0.00399077,0.116887,0.00779065
TAY,2024-07-21,0.0037899,0.077623,0.00768438
TAY,2024-07-22,0.00309404,0.045646,0.00626461
TAY,2024-07-23,0.00310743,0.0684726,0.00631329
TAY,2024-07-24,0.00352822,0.0595031,0.00711657
TAY,2024-07-26,0.003446,0.0739385,0.00692873
TAY,2024-07-27,0.00364492,0.0787913,0.00724558
TAY,2024-07-28,0.00365656,0.0716097,0.00733061
TAY,2024-07-29,0.00352925,0.136562,0.00668531
TAY,2024-07-30,0.00327871,0.054528,0.00670146
TAY,2024-07-31,0.00347795,0.0601283,0.00702684
TAY,2024-08-01,0.00347413,0.0634092,0.00703033
TAY,2024-08-02,0.00327638,0.0541154,0.00665444
TAY,2024-08-03,0.00355243,0.071782,0.00711218
TAY,2024-08-04,0.00429067,0.0737967,0.00848958
TAY,2024-08-06,0.00321927,0.0577604,0.00658262
TAY,2024-08-07,0.00338568,0.0583436,0.00683464
TAY,2024-08-08,0.00350861,0.0984774,0.00707703
TAY,2024-08-09,0.00297568,0.0671874,0.00606877
TAY,2024-08-10,0.00394425,0.117162,0.00805813
TAY,2024-08-11,0.00400952,0.0653751,0.00841991
TAY,2024-08-12,0.00510543,0.0608867,0.0105894
TAY,2024-08-13,0.00365565,0.0577603,0.00756966
TAY,2024-08-14,0.00365658,0.0702096,0.00736575
TAY,2024-08-15,0.00367496,0.0585635,0.0073582
TAY,2024-08-16,0.00332404,0.0526215,0.00674023
TAY,2024-08-17,0.00339539,0.066569,0.00679153
TAY,2024-08-18,0.0032175,0.0944676,0.00647444
TAY,2024-08-19,0.00348036,0.13603,0.00649511
TAY,2024-08-20,0.00386097,0.0638065,0.00805749
TAY,2024-08-21,0.00324747,0.0711865,0.00652197
TAY,2024-08-22,0.00358801,0.0779935,0.00712195
TAY,2024-08-23,0.00362386,0.14507,0.00711747
TAY,2024-08-24,0.00321301,0.045398,0.00642393
TAY,2024-08-25,0.00345128,0.137227,0.00653219
TAY,2024-08-26,0.00381323,0.0687545,0.00748741
TAY,2024-08-27,0.00356789,0.046739,0.00723805
TAY,2024-08-28,0.00321677,0.0590294,0.00658551
TAY,2024-08-29,0.0032591,0.0681071,0.0065499
TAY,2024-08-30,0.00348182,0.0609985,0.00710852
TAY,2024-08-31,0.00328351,0.0449681,0.0067259
TAY,2024-09-01,0.00285657,0.0519586,0.00569866
TAY,2024-09-03,0.00291118,0.0608983,0.00583024
TAY,2024-09-04,0.00302505,0.047918,0.00624069
TAY,2024-09-05,0.0030369,0.0558806,0.00617146
TAY,2024-09-06,0.00312967,0.0830343,0.00623778
TAY,2024-09-07,0.00290532,0.0671362,0.00592579
TAY,2024-09-08,0.00342195,0.0519906,0.00680263
TAY,2024-09-09,0.0031432,0.143499,0.00607397
TAY,2024-09-10,0.00314876,0.069206,0.00625058
TAY,2024-09-11,0.00306827,0.0466733,0.00619682
TAY,2024-09-12,0.00399605,0.0808056,0.00806358
TAY,2024-09-13,0.0144999,0.490731,0.0296918
TAY,2024-09-14,0.0198232,0.620788,0.0180332
TAY,2024-09-15,0.0125048,0.316918,0.0191155
TAY,2024-09-16,0.00312948,0.0495124,0.00642451
TAY,2024-09-17,0.00306528,0.0483541,0.00623782
TAY,2024-09-18,0.00308192,0.0649593,0.00622164
TAY,2024-09-19,0.00355976,0.0650702,0.00716687
TAY,2024-09-20,0.00471633,0.118431,0.00939753
TAY,2024-09-21,0.00303069,0.0714603,0.00609088
TAY,2024-09-22,0.00333606,0.0652636,0.00659104
TAY,2024-09-23,0.00320816,0.0582524,0.00658985
TAY,2024-09-24,0.00350271,0.0660078,0.00711295
TAY,2024-09-25,0.00327297,0.0896489,0.0065374
TAY,2024-09-26,0.00344409,0.0875707,0.00662507
TAY,2024-09-28,0.00313517,0.0401793,0.0063598
TAY,2024-09-29,0.00329798,0.0614974,0.00665906
TAY,2024-09-30,0.00378753,0.0703743,0.00755957
TAY,2024-10-01,0.0178808,0.808097,0.0145036
TAY,2024-10-03,0.00680276,0.290595,0.0121412
TAY,2024-10-04,0.00506317,0.183503,0.00913478
TAY,2024-10-05,0.0034643,0.0921169,0.00693895
TAY,2024-10-06,0.0150866,0.820986,0.0135595
TAY,2024-10-07,0.0130639,0.717422,0.0117867
TAY,2024-10-08,0.0129235,0.314565,0.024521
TAY,2024-10-09,0.00323599,0.0477331,0.00655719
TAY,2024-10-10,0.00460881,0.0962327,0.0093532
TAY,2024-10-11,0.00546089,0.140187,0.010972
TAY,2024-10-12,0.00376746,0.179952,0.00719005
TAY,2024-10-13,0.00387561,0.136692,0.00743359
TAY,2024-10-14,0.00532829,0.25549,0.00895795
TAY,2024-10-16,0.00397777,0.0746167,0.00808983
TAY,2024-10-17,0.00531862,0.40985,0.00742066
TAY,2024-10-18,0.00377879,0.0648993,0.00776864
TAY,2024-10-19,0.00361921,0.0436288,0.00743483
TAY,2024-10-20,0.00356605,0.0759887,0.0071402
TAY,2024-10-21,0.00362015,0.0600368,0.00759594
TAY,2024-10-22,0.00446763,0.0641081,0.00916842
TAY,2024-10-23,0.00360873,0.0684273,0.00743474
TAY,2024-10-24,0.00392455,0.0791182,0.00792044
TAY,2024-10-25,0.00356563,0.0666201,0.00724584
TAY,2024-10-26,0.00365108,0.0406891,0.00741724
TAY,2024-10-27,0.00361686,0.0564728,0.00737651
TAY,2024-10-28,0.00367881,0.0665292,0.00756496
TAY,2024-10-29,0.00375972,0.0786026,0.00766254
TAY,2024-10-30,0.00420532,0.0883841,0.00855128
TAY,2024-10-31,0.00408241,0.103317,0.0082013
TAY,2024-11-01,0.00377119,0.0628636,0.00758637
TAY,2024-11-02,0.0035364,0.060644,0.00717219
TAY,2024-11-03,0.00361752,0.0440827,0.00740158
TAY,2024-11-04,0.00400602,0.0733098,0.00810819
TAY,2024-11-05,0.00380612,0.0401403,0.00776868
TAY,2024-11-06,0.00354384,0.0638304,0.00714736
TAY,2024-11-07,0.00328407,0.0477774,0.00669225
TAY,2024-11-08,0.00350393,0.0764479,0.00716391
TAY,2024-11-09,0.00319226,0.0444038,0.00648901
TAY,2024-11-10,0.00345238,0.0805367,0.00697604
TAY,2024-11-12,0.00354502,0.0582695,0.00715795
TAY,2024-11-14,0.00348315,0.0495792,0.00701417
TAY,2024-11-15,0.0031173,0.0791317,0.00626623
TAY,2024-11-16,0.00353396,0.0811905,0.00706685
TAY,2024-11-17,0.00335134,0.0592335,0.00678968
TAY,2024-11-21,0.00379631,0.0670455,0.00792966
TAY,2024-11-22,0.00405118,0.245119,0.00780971
TAY,2024-11-23,0.00360836,0.0941643,0.00754468
TAY,2024-11-24,0.0036466,0.0870156,0.00753712
TAY,2024-11-25,0.00361229,0.0675124,0.00754622
TAY,2024-11-26,0.00345022,0.0633582,0.00704189
TAY,2024-11-27,0.00349256,0.0519175,0.00723063
TAY,2024-11-28,0.0034549,0.0588428,0.00720877
TAY,2024-11-29,0.00401621,0.0474647,0.00848342
TAY,2024-11-30,0.00362896,0.0563127,0.00756688
TAY,2024-12-01,0.00359203,0.066085,0.00747757
TAY,2024-12-03,0.00350017,0.0460474,0.00735268
TAY,2024-12-04,0.00352118,0.0744404,0.00733023
TAY,2024-12-06,0.0033795,0.0738442,0.00703201
TAY,2024-12-07,0.00335666,0.0510187,0.00697852
TAY,2024-12-08,0.00328436,0.0907183,0.00680703
TAY,2024-12-09,0.0033314,0.0814365,0.006872
TAY,2024-12-10,0.00340834,0.0611427,0.00708069
TAY,2024-12-11,0.00359343,0.0639855,0.00747762
TAY,2024-12-12,0.00380008,0.0968527,0.00792161
TAY,2024-12-13,0.00328201,0.0684724,0.00682742
TAY,2024-12-14,0.00339977,0.0709734,0.00705316
TAY,2024-12-15,0.00390204,0.0571611,0.00821852
TAY,2024-12-16,0.00395789,0.0535022,0.0083088
TAY,2024-12-17,0.00390342,0.0868055,0.00818705
TAY,2024-12-18,0.00342175,0.0866121,0.00704681
TAY,2024-12-19,0.00364251,0.0783953,0.00698928
TAY,2024-12-20,0.00332149,0.0600146,0.00685945
TAY,2024-12-21,0.00338501,0.08467,0.00706692
TAY,2024-12-22,0.00359087,0.0505205,0.00753125
TAY,2024-12-23,0.00346958,0.0678133,0.00714395
TAY,2024-12-24,0.00342261,0.0618644,0.0070841
TAY,2024-12-25,0.00347841,0.0772457,0.00714136
TAY,2024-12-26,0.00370581,0.072785,0.00763365
TAY,2024-12-27,0.00332382,0.0726388,0.00694165
TAY,2024-12-28,0.00337497,0.0608932,0.006957
TAY,2024-12-29,0.0037082,0.0607169,0.00772845
TAY,2024-12-30,0.00364431,0.101676,0.00741887
TAY,2025-01-01,0.00431768,0.0580546,0.00895949
TAY,2025-01-02,0.00374835,0.0650764,0.00772255
TAY,2025-01-03,0.0036686,0.0700861,0.00759182
TAY,2025-01-04,0.00384444,0.0919683,0.00789668
TAY,2025-01-05,0.00347351,0.068579,0.0072428
TAY,2025-01-06,0.00344731,0.0681223,0.00716191
TAY,2025-01-09,0.00367355,0.0566619,0.00751852
TAY,2025-01-10,0.00339102,0.0515383,0.00704313
TAY,2025-01-11,0.00337257,0.0455315,0.00708764
TAY,2025-01-12,0.00337524,0.0702471,0.00680601
TAY,2025-01-13,0.00352444,0.0605578,0.0073085
TAY,2025-01-14,0.00342825,0.052283,0.00717909
TAY,2025-01-16,0.00319227,0.0801346,0.00667489
TAY,2025-01-17,0.00337772,0.0713815,0.00701411
TAY,2025-01-18,0.00344477,0.0388161,0.00729733
TAY,2025-01-20,0.00357149,0.0827233,0.00728395
TAY,2025-01-21,0.00370691,0.0525271,0.00764851
TAY,2025-01-22,0.00356157,0.0857913,0.00727336
TAY,2025-01-23,0.00348195,0.0442184,0.00727225
TAY,2025-01-24,0.00336785,0.0418627,0.00705721
TAY,2025-01-25,0.00370831,0.215126,0.00696873
TAY,2025-01-26,0.00340055,0.0601464,0.00695114
TAY,2025-01-27,0.00330373,0.0557301,0.00683632
TAY,2025-01-28,0.00311899,0.049218,0.00655719
TAY,2025-01-29,0.00321437,0.114572,0.00659723
TAY,2025-01-30,0.00312499,0.044822,0.00654948
TAY,2025-01-31,0.003317,0.0745118,0.00687702
TAY,2025-02-01,0.00354604,0.0493108,0.00730457
TAY,2025-02-02,0.00345569,0.0506847,0.00729109
TAY,2025-02-03,0.00353115,0.132166,0.00698992
TAY,2025-02-04,0.00348176,0.0685067,0.00717031
TAY,2025-02-05,0.00340186,0.070137,0.00712733
TAY,2025-02-06,0.00347336,0.0667323,0.00720852
TAY,2025-02-07,0.00336086,0.0703088,0.00680413
TAY,2025-02-08,0.00352914,0.078429,0.00715578
TAY,2025-02-09,0.00337864,0.0567595,0.0070102
TAY,2025-02-15,0.00348543,0.0578237,0.007242
TAY,2025-02-16,0.00353983,0.0886654,0.00732935
TAY,2025-02-19,0.00372659,0.0827116,0.00769787
TAY,2025-02-22,0.00384612,0.152311,0.00782663
TAY,2025-02-23,0.003635,0.088268,0.00760101
TAY,2025-02-27,0.00369128,0.0532286,0.00769776
TAY,2025-02-28,0.00396443,0.0509903,0.00821941
TAY,2025-03-01,0.00369,0.042513,0.00774643
TAY,2025-03-02,0.00378101,0.116372,0.00781766
TAY,2025-03-03,0.00375096,0.0687681,0.00784162
TAY,2025-03-04,0.00369513,0.0677472,0.00771295
TAY,2025-03-05,0.00361029,0.0483598,0.00749264
TAY,2025-03-06,0.00349887,0.0536515,0.00728908
TAY,2025-03-07,0.00361672,0.0696961,0.00744834
TAY,2025-03-08,0.00398119,0.0875379,0.00823287
TAY,2025-03-09,0.00391577,0.0567553,0.0081157
TAY,2025-03-10,0.00373464,0.081176,0.00763365
TAY,2025-03-11,0.00360262,0.0697508,0.00743684
TAY,2025-03-12,0.00377293,0.0444668,0.00784119
TAY,2025-03-13,0.0037786,0.0834434,0.00785072
TAY,2025-03-14,0.00390422,0.076854,0.00804468
TAY,2025-03-15,0.00384552,0.0692502,0.00789997
TAY,2025-03-16,0.00409637,0.0734707,0.00850172
TAY,2025-03-17,0.00423329,0.0559827,0.00871202
TAY,2025-03-18,0.00389157,0.0460637,0.00815051
TAY,2025-03-19,0.00413753,0.104845,0.00851422
TAY,2025-03-20,0.00405076,0.0860786,0.00836673
TAY,2025-03-21,0.00438846,0.0538661,0.00914731
TAY,2025-03-22,0.00388175,0.0591581,0.00805538
TAY,2025-03-23,0.00406168,0.0699081,0.00833709
TAY,2025-03-24,0.0041118,0.0644966,0.00851369
TAY,2025-03-25,0.0035062,0.0584321,0.00726657
TAY,2025-03-26,0.00386417,0.0414497,0.00802908
TAY,2025-03-27,0.00388852,0.0677393,0.00796522
TAY,2025-03-28,0.00364165,0.0432379,0.00761665
TAY,2025-03-29,0.00456392,0.102137,0.0092292
TAY,2025-03-30,0.00396029,0.0975999,0.00803563
TAY,2025-03-31,0.00405877,0.113822,0.00827013
TAY,2025-04-01,0.00371209,0.0448049,0.0077039
TAY,2025-04-03,0.00364117,0.0960501,0.00740753
TAY,2025-04-04,0.00394655,0.0711175,0.00821677
TAY,2025-04-05,0.0041838,0.0610752,0.00873248
TAY,2025-04-06,0.00390143,0.0429374,0.00814164
TAY,2025-04-07,0.00367736,0.0487486,0.00759023
TAY,2025-04-08,0.00412654,0.0868255,0.00843856
TAY,2025-04-09,0.0036507,0.0467322,0.00749095
TAY,2025-04-10,0.00357874,0.05336,0.00734179
TAY,2025-04-11,0.00370568,0.0912789,0.00749514
TAY,2025-04-12,0.00372426,0.055127,0.00763686
TAY,2025-04-13,0.00355298,0.0755051,0.00725357
TAY,2025-04-14,0.00357484,0.179856,0.0070076
TAY,2025-04-15,0.00698933,0.272765,0.00854022
TAY,2025-04-16,0.00412805,0.0831725,0.00830844
TAY,2025-04-17,0.00356998,0.0745337,0.00739827
TAY,2025-04-18,0.00504598,0.156119,0.00769663
TAY,2025-04-19,0.00954562,0.624897,0.012201
TAY,2025-04-20,0.00343566,0.0789596,0.00707232
TAY,2025-04-21,0.00363505,0.0948048,0.00731215
TAY,2025-04-23,0.00350528,0.0710771,0.00714868
TAY,2025-04-24,0.00354714,0.0876994,0.00717676
TAY,2025-04-25,0.0032641,0.0672389,0.0066336
TAY,2025-04-26,0.00371425,0.107474,0.00763335
TAY,2025-04-27,0.00335268,0.0773782,0.00681537
TAY,2025-04-29,0.00340579,0.0831153,0.00695706
TAY,2025-05-01,0.00350642,0.0821019,0.00714077
TAY,2025-05-02,0.00334964,0.0534284,0.00684916
TAY,2025-05-03,0.00346655,0.0856704,0.00715854
TAY,2025-05-04,0.0034851,0.0857568,0.00709621
TAY,2025-05-05,0.00326021,0.0516044,0.00672193
TAY,2025-05-06,0.00343318,0.0941434,0.00697404
TAY,2025-05-07,0.00337395,0.0576298,0.00689076
TAY,2025-05-08,0.00339739,0.0655159,0.00698623
TAY,2025-05-09,0.00334793,0.0607287,0.00688734
TAY,2025-05-10,0.00364166,0.0355358,0.00759439
TAY,2025-05-11,0.00358399,0.0573729,0.00733927
TAY,2025-05-12,0.00335734,0.0468675,0.00686635
TAY,2025-05-13,0.00352502,0.0690987,0.00718645
TAY,2025-05-15,0.00319433,0.0526238,0.00646343
TAY,2025-05-16,0.00324478,0.0750878,0.00648719
TAY,2025-05-17,0.00352769,0.0542372,0.00733001
TAY,2025-05-18,0.00341187,0.0766394,0.00701878
TAY,2025-05-19,0.00331148,0.05096,0.00679237
TAY,2025-05-20,0.00347262,0.0429296,0.00712223
TAY,2025-05-23,0.00328514,0.0448415,0.00680763
TAY,2025-05-24,0.00327225,0.0845595,0.00661841
TAY,2025-05-25,0.00394802,0.0428365,0.00807511
TAY,2025-05-27,0.00317046,0.0395974,0.00657754
TAY,2025-05-28,0.00389244,0.0435545,0.00798606
TAY,2025-05-29,0.0037497,0.109879,0.00770115
TAY,2025-05-30,0.00350193,0.0407672,0.00723546
TAY,2025-05-31,0.00332567,0.0773389,0.00661862
TAY,2025-06-01,0.00454881,0.0885815,0.00924828
TAY,2025-06-02,0.00414692,0.0549036,0.00856435
TAY,2025-06-03,0.00360911,0.046933,0.00750163
TAY,2025-06-04,0.00346525,0.0722087,0.00698911
TAY,2025-06-05,0.00351077,0.0797961,0.00714013
TAY,2025-06-06,0.00333522,0.0692021,0.00661395
TAY,2025-06-07,0.00395604,0.0447181,0.00807499
TAY,2025-06-08,0.00342238,0.0813695,0.00692825
TAY,2025-06-09,0.00340108,0.0847057,0.00685226
TAY,2025-06-10,0.00316593,0.0827423,0.00643766
TAY,2025-06-11,0.00336481,0.0457649,0.00688924
TAY,2025-06-12,0.00330073,0.0768966,0.00668138
TAY,2025-07-15,0.00357801,0.0532374,0.00732179
TAY,2025-07-16,0.00400687,0.0742608,0.00813875
TAY,2025-07-19,0.00376827,0.0608648,0.00770992
TAY,2025-07-20,0.00372446,0.108006,0.00734757
TAY,2025-07-22,0.00373774,0.0590078,0.00757396
TAY,2025-07-25,0.00369675,0.0679342,0.00750448
TAY,2025-07-26,0.00376859,0.138917,0.00743287
TAY,2025-07-27,0.00360591,0.0563468,0.00738983
TAY,2025-07-28,0.00341184,0.0678617,0.0068958
TAY,2025-07-31,0.00376969,0.0785585,0.00770718
TAY,2025-08-02,0.00373563,0.082033,0.00756926
TAY,2025-08-03,0.00377885,0.0641362,0.00769883
TAY,2025-08-04,0.00409159,0.0542367,0.00829998
TAY,2025-08-05,0.00374978,0.042241,0.00759162
TAY,2025-08-06,0.00343176,0.0602973,0.00701856
TAY,2025-08-07,0.00363493,0.0708167,0.00745935
TAY,2025-08-08,0.00374387,0.0563812,0.00769405
TAY,2025-08-09,0.00361282,0.0561416,0.00743574
TAY,2025-08-10,0.00390137,0.048587,0.00797217
TAY,2025-08-11,0.00343523,0.0633775,0.0069928
TAY,2025-08-12,0.00369495,0.062282,0.00753722
TAY,2025-08-13,0.00347677,0.0686705,0.00711921
TAY,2025-08-13,0.00347677,0.0686705,0.00711921
TAY,2025-08-21,0.00294701,0.0448149,0.00597963
TAY,2025-08-22,0.00331434,0.0668696,0.00659065
TAY,2025-08-23,0.00266129,0.0404769,0.00528021
TAY,2025-08-24,0.00337107,0.0628976,0.0067809
TAY,2025-08-25,0.00299758,0.085981,0.00573655
TAY,2025-08-26,0.00249755,0.0849331,0.00486423
TAY,2025-08-27,0.00258342,0.0847517,0.00463109
TAY,2025-08-29,0.00339482,0.113468,0.00671055
TAY,2025-08-30,0.00300511,0.0423624,0.0059803
TAY,2025-08-31,0.00388813,0.0837009,0.00799244
TAY,2025-09-01,0.00356165,0.0809191,0.00708256
TAY,2025-09-02,0.00306827,0.0893996,0.00615122
TAY,2025-09-03,0.00298057,0.0572966,0.00582192
TAY,2025-09-04,0.00302361,0.0981923,0.00529594
TAY,2025-09-05,0.00298424,0.117387,0.00550578
TAY,2025-09-06,0.0033548,0.0622975,0.00609499
TAY,2025-09-07,0.00281142,0.0564752,0.00547168
TAY,2025-09-08,0.00289185,0.0804208,0.00538883
TAY,2025-09-09,0.00301381,0.0784742,0.00601106
TAY,2025-09-10,0.00368561,0.0734519,0.00755346
TAY,2025-09-11,0.00407884,0.100386,0.00825699
TAY,2025-09-12,0.00259784,0.0692636,0.0048448
TAY,2025-09-13,0.00274986,0.0874244,0.00516103
TAY,2025-09-17,0.00300696,0.0752305,0.005101
TAY,2025-09-19,0.00301368,0.122131,0.00562543
TAY,2025-09-21,0.00304074,0.105751,0.00565758
TAY,2025-09-22,0.00302484,0.136469,0.00559907
TAY,2025-09-24,0.00381156,0.0734719,0.0078373
TAY,2025-09-25,0.00304475,0.0548181,0.00617848
TAY,2025-09-26,0.00269731,0.0820281,0.00498176
TAY,2025-09-28,0.0026958,0.0713846,0.00518397
TAY,2025-09-29,0.00313928,0.106429,0.0059332
TAY,2025-09-30,0.00335921,0.0658528,0.0067003
TAY,2025-10-01,0.00333482,0.0709623,0.00691712
TAY,2025-10-02,0.0027196,0.0535944,0.00529855
TAY,2025-10-03,0.00277382,0.0467282,0.00541972
TAY,2025-10-04,0.00275858,0.0389664,0.00543567
TAY,2025-10-05,0.00286597,0.0732531,0.00530623
TAY,2025-10-06,0.00291981,0.0772467,0.00556715
TAY,2025-10-07,0.00344328,0.0747382,0.0070706
TAY,2025-10-08,0.0026961,0.0768734,0.00514094
TAY,2025-10-09,0.00312105,0.113613,0.00572374
TAY,2025-10-10,0.00285133,0.0610723,0.00557453
TAY,2025-10-11,0.00323553,0.123275,0.00625207
TAY,2025-10-12,0.00345046,0.0381724,0.00724062
TAY,2025-10-13,0.00247384,0.0815082,0.00458621
TAY,2025-10-15,0.00321556,0.0865227,0.00589928
TAY,2025-10-16,0.00279184,0.072775,0.00541349
TAY,2025-10-17,0.00328395,0.0693288,0.00650857
TAY,2025-10-18,0.00452196,0.042589,0.00940411
TAY,2025-10-19,0.00304544,0.070046,0.00624495
TAY,2025-10-20,0.00251328,0.05121,0.00490865
TAY,2025-10-21,0.00311477,0.0944015,0.0060556
TAY,2025-10-22,0.00390901,0.105314,0.00800848
TAY,2025-10-23,0.00344245,0.0576295,0.00712227
TAY,2025-10-24,0.00289773,0.104765,0.00544308
TAY,2025-10-25,0.00315388,0.0506426,0.0065824
TAY,2025-10-26,0.00244817,0.0821491,0.00459633
TAY,2025-10-27,0.00262994,0.0508654,0.00511594
TAY,2025-10-28,0.00326459,0.12184,0.00643073
TAY,2025-10-29,0.00360036,0.0685258,0.00756564
TAY,2025-10-30,0.00261189,0.0669424,0.00508345
TAY,2025-10-31,0.00259832,0.0523194,0.00505897
TAY,2025-11-01,0.00252476,0.0508592,0.00501494
TAY,2025-11-02,0.003047,0.0544671,0.0060959
TAY,2025-11-03,0.00375215,0.0506182,0.00783699
TAY,2025-11-04,0.00364862,0.0453025,0.00765323
TAY,2025-11-05,0.00427883,0.0836327,0.00893763
TAY,2025-11-06,0.00383954,0.0776284,0.00794969
TAY,2025-11-07,0.00380211,0.0681282,0.00790273
TAY,2025-11-08,0.00359382,0.0961259,0.0072395
TAY,2025-11-09,0.00274856,0.0644001,0.00534867
