date,E_band,SNR_dB,H_band,bandRMS,ESR,CCpsd,SIF,fdP95
20231204,0.121384,-0.991974,0.730588,0.344362,99.994,0.983978,57.4448,0.00554445
20231205,0.134064,-1.82344,0.726342,0.363657,99.9941,0.983668,57.7165,0.00548146
20231206,0.143403,-0.75484,0.740901,0.378454,99.9941,0.977759,58.91,0.00547129
20231207,0.131818,-1.47586,0.698161,0.360059,99.9934,0.989342,53.087,0.0058665
20231208,0.170072,-2.29816,0.768374,0.408013,99.9943,0.975408,53.5097,0.00566586
20231209,0.135076,-1.1373,0.683104,0.364853,99.9933,0.994416,52.7121,0.00600134
20231210,0.112967,-0.895129,0.694806,0.334467,99.9937,0.940426,55.3056,0.00532292
20231211,0.102594,-1.25014,0.715686,0.318502,99.9934,0.99235,52.1295,0.00594009
20231213,0.118458,-1.29781,0.72623,0.342153,99.9937,0.980245,56.4306,0.0058538
20231214,0.0964066,-2.7653,0.721984,0.306964,99.9932,0.973277,57.1041,0.00542012
20231215,0.0852178,-4.85011,0.789199,0.291167,99.9931,0.975335,56.6052,0.00559529
20231216,0.0883858,-3.042,0.882397,0.292562,99.9931,0.978204,55.9483,0.00567283
20231217,0.0933545,-5.71459,0.87555,0.301806,99.9928,0.974736,54.3485,0.0058074
20231218,0.133631,-7.08261,0.77806,0.363665,99.9906,0.99201,43.2715,0.0071996
20231219,0.113455,-1.91222,0.776015,0.331712,99.9936,0.987438,58.455,0.00551362
20231220,0.101135,-4.79442,0.749233,0.315339,99.992,0.994101,49.1088,0.00628401
20231221,0.132141,-0.795372,0.691241,0.361294,99.9937,0.99328,52.055,0.00601063
20231222,0.127461,0.85253,0.707716,0.352997,99.994,0.98275,54.6978,0.00543262
20231223,0.072068,-2.12692,0.881786,0.264578,99.9932,0.992997,54.9449,0.00551271
20231224,0.0748705,-2.84925,0.88152,0.27223,99.9932,0.994272,54.2438,0.00557152
20231225,0.106588,-0.0810628,0.717035,0.323223,99.9936,0.990926,55.0643,0.00529148
20231226,0.0667919,-1.38017,0.890332,0.257422,99.993,0.96448,57.0598,0.00557232
20231227,0.0692952,-2.20632,0.889065,0.260774,99.9926,0.993005,52.0922,0.00592172
20231228,0.0715663,-2.06821,0.882206,0.264757,99.9924,0.995578,49.042,0.00609056
20231229,0.0816434,-2.40094,0.866327,0.284113,99.9933,0.98467,56.4689,0.00537995
20231230,0.106313,-0.6141,0.662634,0.323148,99.9935,0.992004,52.764,0.00539726
20231231,0.111174,1.23825,0.673183,0.330177,99.9943,0.986562,53.882,0.00515494
20240101,0.0787389,-3.28728,0.888451,0.276242,99.9933,0.978358,55.6922,0.00549999
20240102,0.0785887,-3.22777,0.88552,0.275288,99.993,0.993854,55.5309,0.00561083
20240103,0.103616,-3.67423,0.91125,0.321873,99.9934,0.957765,58.967,0.00539462
20240104,0.0969427,-1.94106,0.908066,0.310928,99.993,0.986491,55.5215,0.00560563
20240105,0.0817811,-0.771778,0.875397,0.284269,99.9935,0.989851,54.2586,0.00543249
20240106,0.142074,-0.489203,0.682507,0.372323,99.9941,0.994023,54.1046,0.00561832
20240107,0.146575,-0.545672,0.692659,0.378084,99.9937,0.993724,52.6657,0.0057235
20240108,0.107507,-1.91041,0.883498,0.323888,99.9932,0.994121,52.9302,0.00601006
20240109,0.103961,-2.74761,0.876926,0.321192,99.9937,0.9973,53.9809,0.00585957
20240110,0.104215,-1.53753,0.881853,0.319216,99.9933,0.995712,53.912,0.00574633
20240111,0.0982194,-0.184191,0.873121,0.310322,99.9937,0.990961,58.0512,0.00527209
20240112,0.117491,-1.86786,0.849133,0.34009,99.9933,0.99688,50.8687,0.00600809
20240113,0.163171,0.921969,0.663568,0.399489,99.9942,0.996021,52.6496,0.00568751
20240114,0.169511,0.154771,0.69048,0.407066,99.9943,0.98799,56.5514,0.00533784
20240115,0.128534,-0.691634,0.864419,0.354436,99.9938,0.985367,55.0128,0.00568125
20240116,0.126572,0.682307,0.879925,0.351832,99.994,0.97693,58.166,0.00542687
20240117,0.141011,-1.54247,0.877203,0.371485,99.9936,0.996482,54.5186,0.00577434
20240118,0.142274,0.134626,0.873346,0.372053,99.994,0.995507,53.6619,0.0057205
20240119,0.138621,-0.883327,0.871277,0.368504,99.994,0.992151,54.1309,0.00574701
20240120,0.181374,0.715238,0.675747,0.420959,99.9941,0.992743,52.9006,0.00543481
20240121,0.164525,0.94575,0.700919,0.400323,99.9944,0.987353,55.6091,0.00543008
20240122,0.102407,-2.68274,0.886734,0.318093,99.9933,0.994374,53.4718,0.00562806
20240123,0.099976,-2.44785,0.887543,0.310801,99.9931,0.996175,52.3992,0.00590342
20240124,0.108111,-2.62534,0.881071,0.324352,99.9932,0.995859,51.2863,0.00584901
20240125,0.145802,-0.25489,0.864047,0.377374,99.994,0.995517,55.8404,0.00563156
20240126,0.125236,0.167467,0.859827,0.350437,99.994,0.99344,57.7415,0.00527182
20240127,0.175984,0.529709,0.658306,0.41624,99.9943,0.991197,53.957,0.00545436
20240128,0.179742,-0.259953,0.716298,0.417019,99.994,0.995269,53.2965,0.00563636
20240129,0.132623,-1.37683,0.878083,0.359807,99.9937,0.99635,53.0836,0.00581705
20240130,0.124332,-0.534774,0.878943,0.345929,99.9939,0.9918,55.6903,0.00553636
20240131,0.113029,-0.459738,0.87884,0.3335,99.994,0.983445,57.2884,0.00528291
20240201,0.132938,-0.965204,0.873565,0.36087,99.9938,0.991045,54.4812,0.00569589
20240202,0.124351,0.844593,0.859573,0.349689,99.9941,0.981458,57.9042,0.00518058
20240206,0.144875,-1.57535,0.873826,0.378406,99.9936,0.993098,53.1793,0.00593228
20240207,0.123683,-1.3998,0.863366,0.347243,99.9937,0.993638,54.9423,0.00553489
20240208,0.133114,-1.52921,0.866775,0.360141,99.994,0.980254,55.1258,0.00540922
20240209,0.124471,0.78068,0.861806,0.35156,99.9939,0.988445,54.8978,0.00525152
20240210,0.184586,-1.77527,0.614219,0.425572,99.9922,0.998098,44.8083,0.00627914
20240211,0.241504,-2.48044,0.710892,0.488762,99.9939,0.988205,50.5874,0.00561701
20240212,0.172651,-0.126209,0.626106,0.412168,99.9939,0.995728,52.1006,0.005578
20240213,0.178225,-1.28579,0.646453,0.418017,99.9936,0.996355,49.8961,0.00588847
20240214,0.181651,-0.00123056,0.633129,0.421407,99.9937,0.994242,51.6627,0.00572843
20240215,0.185692,-1.01926,0.657072,0.427109,99.9937,0.994697,49.7793,0.0058728
20240216,0.17429,0.306632,0.640765,0.413929,99.9939,0.992175,53.0868,0.00555903
20240218,0.134461,0.330964,0.866694,0.361918,99.9937,0.988377,54.7937,0.00553351
20240219,0.130262,-0.592086,0.864019,0.35845,99.9939,0.994867,52.2041,0.00571325
20240220,0.137448,-0.047118,0.863846,0.367153,99.9941,0.990563,55.482,0.00557559
20240221,0.139328,-1.17965,0.857138,0.370107,99.9938,0.993133,53.1849,0.00577302
20240222,0.140368,-0.756523,0.863949,0.370666,99.9939,0.994101,54.5116,0.00565881
20240223,0.134605,-0.821198,0.871015,0.365805,99.9935,0.996524,52.8929,0.00587798
20240224,0.182114,0.575129,0.656049,0.424153,99.9944,0.985844,55.3136,0.0054262
20240225,0.184121,-0.369481,0.676234,0.423779,99.9944,0.985895,56.1143,0.005229
20240226,0.12561,0.319885,0.873318,0.348778,99.9939,0.987227,56.7587,0.00524329
20240227,0.120109,-0.548278,0.884383,0.341622,99.9941,0.968867,56.399,0.00530701
20240228,0.124832,-1.83465,0.876063,0.350216,99.9936,0.992418,52.0393,0.00603243
20240229,0.132251,-1.48803,0.876394,0.358965,99.9939,0.993176,52.8918,0.00584809
20240301,0.130484,-2.05695,0.859781,0.359197,99.9934,0.993641,51.8274,0.00583642
20240302,0.186086,2.01959,0.650157,0.427413,99.9947,0.978953,58.3815,0.00519993
20240303,0.191041,-4.92977,0.723597,0.431711,99.9932,0.976445,49.6208,0.00628318
20240304,0.121731,-3.8502,0.866147,0.346334,99.9919,0.99597,46.3406,0.00649266
20240305,0.127742,-2.8464,0.869934,0.354096,99.9932,0.994839,50.8602,0.00603787
20240306,0.131361,-4.45546,0.874848,0.356509,99.9909,0.99778,44.4192,0.00706813
20240307,0.131284,-3.08336,0.875799,0.357759,99.9933,0.992452,51.8034,0.00620666
20240308,0.136626,-2.03131,0.891712,0.365571,99.9934,0.995608,51.8555,0.00629588
20240309,0.198136,-0.731663,0.716193,0.439503,99.9942,0.993777,51.8256,0.00644768
20240310,0.178847,-1.12408,0.697855,0.418161,99.9931,0.99798,49.6297,0.00631222
20240311,0.11584,-3.98891,0.861231,0.337985,99.9921,0.997209,46.1626,0.00671108
20240313,0.125298,-4.75862,0.867769,0.350984,99.9914,0.995896,45.7727,0.00686753
20240314,0.117438,-4.37232,0.8797,0.339176,99.9926,0.994958,46.5715,0.00670953
20240315,0.112907,-3.26068,0.875267,0.333326,99.992,0.998754,46.7017,0.00675178
20240316,0.163902,-3.42533,0.662706,0.400232,99.9914,0.998245,43.677,0.00698673
20240317,0.17212,-1.72351,0.686199,0.410438,99.993,0.99802,46.4372,0.00661064
20240318,0.118928,-4.73765,0.878445,0.339841,99.9914,0.997306,44.7743,0.00725066
20240319,0.118364,-5.91121,0.8832,0.339141,99.9905,0.997791,44.2693,0.00755693
20240320,0.108954,-4.09052,0.863554,0.32621,99.9913,0.99795,44.7176,0.00673067
20240321,0.11089,-6.68254,0.889728,0.329711,99.9917,0.98191,48.0189,0.00669278
20240322,0.114663,-5.07982,0.870423,0.333664,99.992,0.984954,48.2977,0.00668127
20240323,0.163735,-6.83542,0.698841,0.40134,99.9901,0.983584,43.3327,0.00740023
20240324,0.35507,-5.82451,0.772416,0.582545,99.9924,0.96918,45.7672,0.00700192
20240325,0.590391,-3.17175,0.851937,0.733833,99.9928,0.972776,51.687,0.00719781
20240326,0.112643,-4.58844,0.897737,0.328983,99.9917,0.995769,48.2158,0.0065721
20240327,0.124368,-4.23562,0.905875,0.352218,99.9922,0.993548,48.7955,0.00661222
20240328,0.166184,-3.8178,0.93022,0.395012,99.9933,0.997069,45.1956,0.00701261
20240329,0.610165,-3.45948,0.836927,0.769896,99.9908,0.990606,47.364,0.00725878
20240330,0.218568,-8.10751,0.780163,0.457055,99.9903,0.955748,46.1442,0.00725756
20240331,0.182601,-1.61146,0.69984,0.419339,99.9932,0.993701,49.3104,0.00624195
20240401,0.115384,-3.73932,0.869618,0.334785,99.9923,0.995821,48.5233,0.00652968
20240402,0.116031,-3.95052,0.876237,0.337018,99.9921,0.995232,48.8887,0.00616821
20240403,0.11083,-3.34701,0.869019,0.338423,99.9918,0.997483,47.6879,0.00657806
20240404,0.144841,-3.59965,0.665176,0.377988,99.9922,0.995674,46.9523,0.00649521
20240407,0.24901,-2.03959,0.903721,0.492568,99.9943,0.9918,49.2718,0.00664881
20240408,0.0992895,-5.51648,0.873182,0.312655,99.9917,0.99487,47.1281,0.00662993
20240409,0.128998,-4.53199,0.865843,0.35013,99.992,0.994858,48.8956,0.00645189
20240410,0.111148,-4.34507,0.877213,0.32942,99.9913,0.995996,45.4732,0.00671305
20240411,0.0992218,-4.27482,0.881649,0.310446,99.9917,0.997274,45.7274,0.00675947
20240412,0.160312,-5.29157,0.849687,0.4163,99.9897,0.994185,44.2732,0.00739244
20240413,0.13891,-5.27211,0.709664,0.371331,99.9914,0.992233,47.1619,0.00663948
20240414,0.139757,-3.61747,0.708148,0.366797,99.9926,0.994863,47.8204,0.00652131
20240415,0.0975333,-7.05606,0.891904,0.342848,99.9899,0.994194,45.3398,0.00727913
20240416,0.0954326,-7.52552,0.889096,0.310978,99.9907,0.991103,48.3541,0.0067113
20240417,0.0849141,-3.69747,0.887313,0.291057,99.9923,0.994938,50.8357,0.00643682
20240419,0.105405,-6.73221,0.884557,0.319655,99.9918,0.987364,50.3593,0.00653547
20240420,0.126458,-0.49502,0.710205,0.35353,99.9938,0.989847,55.7677,0.00581765
20240421,0.119585,-3.46932,0.72891,0.342529,99.993,0.988092,53.8827,0.00609405
20240422,0.0767074,-5.27398,0.886894,0.272632,99.9913,0.993768,49.8602,0.00676661
20240423,0.0652003,-5.72547,0.892957,0.25128,99.9906,0.99719,51.1271,0.00653873
20240424,0.0653642,-5.16739,0.885776,0.253073,99.9918,0.996245,51.5563,0.00633322
20240425,0.102573,-10.7942,0.867951,0.30822,99.9873,0.928334,44.7451,0.00728911
20240426,0.0740163,-5.8103,0.913589,0.269386,99.9913,0.993894,51.8427,0.00676
20240427,0.0956217,-5.32744,0.761004,0.30481,99.9918,0.991237,51.2,0.00656594
20240428,0.0925112,-9.38495,0.90023,0.29585,99.99,0.973334,47.8159,0.00713697
20240429,0.0893748,-4.01883,0.903465,0.294756,99.9927,0.993103,53.9786,0.00619539
20240430,0.0924571,-5.64474,0.881777,0.302928,99.9917,0.990907,50.1609,0.00670573
20240501,0.11212,-4.84757,0.693898,0.333522,99.9909,0.996083,47.536,0.006771
20240502,0.133435,-6.15039,0.739371,0.362374,99.9919,0.976842,47.814,0.00695164
20240503,0.131407,-3.47854,0.756912,0.357926,99.9934,0.982131,54.368,0.00619997
20240504,0.166654,-4.31173,0.817855,0.404913,99.9923,0.972565,50.2324,0.00665166
20240505,0.132502,-3.99988,0.73401,0.36053,99.9926,0.995665,49.0608,0.0067192
20240506,0.0836404,-5.47315,0.892227,0.286377,99.9922,0.977134,53.8762,0.00613703
20240507,0.0803035,-5.5917,0.906163,0.281366,99.9916,0.995458,50.6988,0.00650941
20240508,0.186481,-3.31713,0.910636,0.460057,99.9942,0.996994,46.7851,0.00717289
20240509,0.0766975,-7.14623,0.900219,0.273147,99.9886,0.997828,45.3732,0.00738878
20240510,1.03028,-5.42417,0.837155,1.01859,99.9921,0.977818,41.0938,0.00973982
20240511,3.32283,-5.95034,0.828274,1.74137,99.9925,0.987946,36.1253,0.014005
20240512,0.61338,-4.70302,0.8732,0.756729,99.9921,0.959521,54.323,0.00792433
20240513,0.146286,-4.82721,0.904866,0.375743,99.9922,0.995483,58.1213,0.00812562
20240514,0.080407,-6.90841,0.911298,0.278679,99.9912,0.995475,49.1676,0.00706107
20240515,0.0730739,-8.42323,0.911388,0.267625,99.9871,0.997463,44.7902,0.00762186
20240516,0.0806574,-8.89561,0.909799,0.278534,99.9881,0.995469,43.0891,0.00811918
20240517,0.08324,-7.44452,0.892208,0.283102,99.9919,0.98573,53.5799,0.00643344
20240518,0.0951266,-5.83641,0.765332,0.305886,99.9897,0.995489,47.0081,0.00716265
20240519,0.0956769,-3.41969,0.768753,0.305192,99.9926,0.990571,54.4207,0.00625295
20240520,0.0716765,-4.16768,0.895138,0.262993,99.9921,0.989385,53.1204,0.00639018
20240521,0.0659899,-6.74348,0.899565,0.257652,99.9896,0.996698,47.3171,0.00727186
20240522,0.0694186,-8.22885,0.895656,0.260552,99.9901,0.993502,46.9253,0.00709392
20240523,0.0716207,-5.94003,0.914651,0.264591,99.9901,0.995913,50.0092,0.00662384
20240524,0.0764723,-7.34009,0.903899,0.2734,99.9894,0.997092,46.3331,0.00725947
20240525,0.120542,-1.574,0.714804,0.341083,99.9929,0.99564,49.756,0.00599513
20240526,0.110613,-5.34004,0.728632,0.329667,99.9908,0.996032,48.1875,0.00681859
20240527,0.106168,-5.94572,0.904832,0.317966,99.9901,0.995982,45.7378,0.00742942
20240528,0.0751237,-4.19782,0.890832,0.271398,99.992,0.99399,53.2607,0.00657885
20240529,0.0834358,-4.65811,0.890333,0.285214,99.9918,0.995766,51.7365,0.00670226
20240530,0.0901425,-3.48355,0.902895,0.29562,99.9928,0.991366,54.3438,0.00627613
20240531,0.0977616,-4.36563,0.89441,0.309051,99.9924,0.986234,54.585,0.00631314
20240601,0.117832,-4.1561,0.75989,0.340245,99.9921,0.992433,51.6687,0.00665611
20240602,0.127838,-3.94192,0.77704,0.352375,99.9921,0.993835,50.2949,0.00681566
20240603,0.232489,-6.50128,0.903773,0.446293,99.9912,0.994158,39.7415,0.00909806
20240604,0.32606,-3.18237,0.912822,0.56256,99.9938,0.993092,46.1589,0.00805711
20240605,0.103115,-5.70833,0.898309,0.321154,99.9911,0.996538,47.1487,0.00732471
20240606,0.0967503,-5.69444,0.894805,0.306402,99.9919,0.996411,48.7649,0.00734872
20240608,0.133641,-7.88022,0.736968,0.362822,99.9885,0.993789,42.0569,0.00791551
20240609,0.136029,-3.89824,0.696926,0.366916,99.9925,0.996318,48.9331,0.00671459
20240610,0.138236,-6.19178,0.745651,0.366154,99.9898,0.99554,44.0851,0.0076113
20240611,0.111479,-4.31629,0.904313,0.328692,99.9929,0.988272,52.4461,0.00672542
20240612,0.181304,-4.5573,0.907473,0.413534,99.993,0.988592,52.2963,0.00654882
20240613,0.202067,-2.13574,0.901024,0.433365,99.9938,0.991896,51.9186,0.00680282
20240614,0.348074,-3.27817,0.902926,0.59347,99.9929,0.979063,46.9105,0.00746052
20240615,0.459778,-2.84435,0.873183,0.694792,99.9924,0.956787,48.8812,0.00736
20240616,0.327542,0.492438,0.840126,0.571868,99.9938,0.994762,54.1718,0.00632411
20240617,0.627797,-5.7148,0.751353,0.717471,99.9959,0.958742,49.934,0.00714798
20240618,0.472887,-8.56104,0.804478,0.675762,99.9922,0.97472,47.1127,0.00833953
20240619,0.212519,-1.87034,0.903176,0.536656,99.994,0.989954,53.6699,0.00656382
20240620,0.260429,-2.44625,0.828102,0.474804,99.9938,0.989131,48.5456,0.00726188
20240621,0.121681,-1.89662,0.891078,0.346569,99.9936,0.993191,53.2437,0.00613889
20240625,0.127,-4.96957,0.902208,0.350561,99.9917,0.99653,47.8579,0.00733872
20240626,0.194727,-2.73237,0.929451,0.435262,99.9932,0.996439,48.4416,0.00793824
20240627,0.202006,-4.03879,0.905,0.428848,99.9926,0.99709,45.5498,0.00772071
20240705,0.189598,-3.37496,0.87061,0.433262,99.9929,0.996572,48.18,0.00773462
20240710,0.191322,-1.25604,0.873688,0.431163,99.9934,0.99606,52.3141,0.00703708
20240711,0.182054,-3.37472,0.868607,0.422703,99.9921,0.997591,46.7579,0.00783727
20240712,0.182676,-1.79882,0.857337,0.423835,99.9936,0.995856,51.5154,0.00705149
20240714,0.263166,0.127269,0.678644,0.505396,99.9943,0.996793,50.4921,0.00702729
20240715,0.184573,-1.09154,0.868945,0.425417,99.9938,0.995616,52.4593,0.00681866
20240716,0.187334,-1.77524,0.877052,0.427365,99.9933,0.996044,52.5258,0.00686306
20240717,0.197071,-2.5066,0.878324,0.434958,99.993,0.997018,48.1097,0.00767806
20240718,0.192096,-2.0714,0.877751,0.432504,99.9935,0.998646,51.5198,0.00754979
20240719,0.203504,-4.32017,0.865363,0.446283,99.9917,0.997234,43.9814,0.00815773
20240720,0.27281,-1.83629,0.660452,0.51733,99.9928,0.997738,45.2745,0.00779065
20240721,0.172447,-4.82049,0.70484,0.409349,99.9912,0.998211,42.9376,0.00768438
20240722,0.118732,-3.89291,0.877258,0.339032,99.9929,0.996603,51.2699,0.00626461
20240723,0.108612,-3.62421,0.872355,0.32468,99.9932,0.994089,50.4775,0.00631329
20240724,0.117573,-5.02798,0.867503,0.338026,99.9914,0.996777,45.4728,0.00711657
20240726,0.184455,-6.22517,0.86373,0.408253,99.9918,0.976631,47.01,0.00692873
20240727,0.163154,-4.30555,0.643691,0.400104,99.992,0.998223,42.7372,0.00724558
20240728,0.154285,-3.86606,0.703402,0.386313,99.9924,0.99476,47.6747,0.00733061
20240729,0.110682,-4.95694,0.870858,0.32812,99.9926,0.993337,45.3044,0.00668531
20240730,0.160108,-5.15182,0.897674,0.395778,99.9927,0.99112,50.8213,0.00670146
20240731,0.143501,-5.1861,0.888965,0.372096,99.9929,0.987577,47.5731,0.00702684
20240801,0.149534,-6.42872,0.878363,0.37919,99.9926,0.977152,47.8524,0.00703033
20240802,0.141558,-3.50968,0.896695,0.371893,99.9931,0.995025,50.587,0.00665444
20240803,0.198033,-2.87401,0.678259,0.439104,99.9926,0.99696,45.2523,0.00711218
20240804,0.223301,-6.79003,0.763795,0.463437,99.9905,0.989509,39.3473,0.00848958
20240806,0.159732,-1.71593,0.912109,0.39434,99.994,0.995796,51.1819,0.00658262
20240807,0.144129,-3.62177,0.878929,0.37546,99.9925,0.997277,47.9246,0.00683464
20240808,0.136709,-3.15823,0.875978,0.365471,99.9929,0.997152,47.7668,0.00707703
20240809,0.134998,-1.06668,0.866253,0.366379,99.9937,0.996307,53.265,0.00606877
20240810,0.693147,3.76744,0.558558,0.825564,99.9939,0.997631,54.4695,0.00805813
20240811,0.927138,0.12361,0.613107,0.952237,99.9938,0.976444,58.5622,0.00841991
20240812,0.715721,-5.74384,0.881158,0.841003,99.992,0.989737,44.7996,0.0105894
20240813,0.164983,-3.90281,0.86752,0.409975,99.9927,0.996137,48.5684,0.00756966
20240814,0.147057,-4.40774,0.87049,0.379424,99.9929,0.994385,47.926,0.00736575
20240815,0.158003,-3.53777,0.852897,0.391616,99.9921,0.997909,47.191,0.0073582
20240816,0.146841,-2.1618,0.855147,0.381663,99.9933,0.996793,48.9275,0.00674023
20240817,0.224855,-4.80909,0.715798,0.463975,99.9935,0.978034,49.0508,0.00679153
20240818,0.191264,-2.74177,0.716357,0.430218,99.994,0.97994,55.9803,0.00647444
20240819,0.122139,-3.49784,0.870351,0.345217,99.9927,0.99605,48.7319,0.00649511
20240820,0.11161,-6.47787,0.880643,0.32988,99.9889,0.99835,42.7699,0.00805749
20240821,0.105614,-2.70378,0.860967,0.320699,99.9928,0.996815,49.7126,0.00652197
20240822,0.0993806,-5.30178,0.870883,0.311913,99.9911,0.998151,45.8356,0.00712195
20240823,0.113662,-4.25744,0.872968,0.335764,99.9919,0.997443,45.5467,0.00711747
20240824,0.163888,-1.4807,0.66147,0.40192,99.9937,0.99418,50.1158,0.00642393
20240825,0.164751,-1.7084,0.686045,0.400325,99.9933,0.996964,46.5282,0.00653219
20240826,0.124805,-4.82723,0.870654,0.34764,99.9915,0.998643,43.5076,0.00748741
20240827,0.115119,-5.57497,0.87364,0.33519,99.9912,0.997501,45.4314,0.00723805
20240828,0.121058,-4.26688,0.878426,0.344655,99.9928,0.990181,51.7071,0.00658551
20240829,0.101253,-3.13777,0.86399,0.315065,99.993,0.996723,50.8389,0.0065499
20240830,0.116719,-6.47842,0.882471,0.337896,99.9903,0.992764,47.2395,0.00710852
20240831,0.16619,-3.07643,0.692257,0.404533,99.993,0.993364,49.0791,0.0067259
20240901,0.16578,0.525341,0.704723,0.402257,99.9945,0.990274,57.8996,0.00569866
20240903,0.105229,-0.872928,0.873676,0.320183,99.9936,0.991377,54.9564,0.00583024
20240904,0.125854,-4.33035,0.875325,0.346555,99.9934,0.984604,52.6673,0.00624069
20240905,0.111826,-2.71108,0.869084,0.33028,99.9931,0.995639,52.2746,0.00617146
20240906,0.116231,-2.74373,0.864515,0.338936,99.9932,0.998229,50.9782,0.00623778
20240907,0.168859,-0.919437,0.65708,0.40608,99.9939,0.99253,53.7395,0.00592579
20240908,0.163035,-2.68548,0.689996,0.398913,99.9927,0.997797,46.712,0.00680263
20240909,0.119308,-1.53381,0.870516,0.341342,99.9935,0.995286,51.7289,0.00607397
20240910,0.121035,-3.82087,0.870533,0.345543,99.9931,0.990185,51.0932,0.00625058
20240911,0.121829,-1.9575,0.877812,0.342583,99.9935,0.995535,52.7958,0.00619682
20240912,0.281036,-9.54625,0.896967,0.511743,99.9901,0.94302,48.6206,0.00806358
20240913,3.52256,-12.2872,0.876397,1.80086,99.9927,0.944699,66.8624,0.0296918
20240914,3.73148,-6.55643,0.858081,1.82272,99.9901,0.822422,59.9463,0.0180332
20240915,1.87544,-8.54744,0.877076,1.56567,99.9894,0.994569,56.0538,0.0191155
20240916,0.20899,-7.26832,0.781897,0.457435,99.994,0.918371,50.7673,0.00642451
20240917,0.18113,-4.77168,0.762173,0.420959,99.9923,0.958598,52.8385,0.00623782
20240918,0.100038,-3.02393,0.89547,0.315716,99.9934,0.985251,53.2358,0.00622164
20240919,0.366475,-1.03642,0.848477,0.591112,99.9944,0.987523,53.1963,0.00716687
20240920,1.04085,-9.88833,0.864765,0.962125,99.9923,0.967463,47.1016,0.00939753
20240921,0.171716,-0.886299,0.748595,0.406491,99.9939,0.985898,53.5174,0.00609088
20240922,0.192709,-1.23287,0.775369,0.424542,99.9935,0.99471,48.1854,0.00659104
20240923,0.124623,-4.7729,0.891287,0.344488,99.9937,0.981696,53.1868,0.00658985
20240924,0.117894,-7.2617,0.884469,0.342724,99.991,0.988269,48.2233,0.00711295
20240925,0.113724,-5.79389,0.893755,0.335819,99.9925,0.983412,52.1996,0.0065374
20240926,0.0925716,-3.38091,0.876253,0.301886,99.9922,0.995317,52.6549,0.00662507
20240928,0.122272,-3.23232,0.75142,0.345707,99.9925,0.990663,52.5633,0.0063598
20240929,0.0992071,-4.32134,0.88082,0.310888,99.9927,0.992201,51.3916,0.00665906
20240930,0.177113,-8.44336,0.863744,0.417575,99.9908,0.968487,45.7575,0.00755957
20241001,3.91902,-5.60104,0.911349,2.20499,99.9915,0.957449,49.6235,0.0145036
20241003,3.44536,-4.24225,0.899365,1.71392,99.994,0.826742,48.5456,0.0121412
20241004,2.33285,-6.60782,0.891177,1.44646,99.9906,0.862535,46.0192,0.00913478
20241005,0.128387,-5.22025,0.671154,0.357499,99.9909,0.997015,45.0958,0.00693895
20241006,9.71148,5.39557,0.950685,3.64274,99.9954,0.988887,53.0371,0.0135595
20241007,6.14835,2.49415,0.97334,2.53011,99.9951,0.955782,46.8959,0.0117867
20241008,26.6939,-6.20983,0.892264,5.11726,99.9934,0.909783,54.6008,0.024521
20241009,0.132659,-5.44888,0.905757,0.363318,99.9923,0.984687,53.51,0.00655719
20241010,0.66452,-9.00629,0.89897,0.841481,99.9914,0.959082,44.0017,0.0093532
20241011,2.51608,-11.1631,0.787447,1.56167,99.9874,0.893784,40.4055,0.010972
20241012,0.175901,-4.87008,0.902617,0.414238,99.9919,0.98985,49.0615,0.00719005
20241013,0.392859,-2.79936,0.906568,0.600493,99.9931,0.917374,53.023,0.00743359
20241014,1.08942,-0.901631,0.965575,1.01319,99.9937,0.966616,46.3082,0.00895795
20241016,0.194752,-4.48021,0.935427,0.431358,99.9925,0.98858,49.6689,0.00808983
20241017,0.215805,0.65767,0.926329,0.454968,99.9941,0.993972,41.4938,0.00742066
20241018,0.195902,-2.51326,0.906321,0.44679,99.9927,0.989951,52.0453,0.00776864
20241019,0.22737,-0.972973,0.858348,0.468438,99.9937,0.990889,56.8792,0.00743483
20241020,0.262425,2.09774,0.820366,0.495272,99.994,0.991922,57.1883,0.0071402
20241021,0.197849,-0.772379,0.919253,0.439828,99.9939,0.993361,57.5981,0.00759594
20241022,0.211236,-4.3404,0.905925,0.454078,99.9922,0.997804,46.3366,0.00916842
20241023,0.210324,0.101683,0.896811,0.454701,99.994,0.994873,55.2916,0.00743474
20241024,0.217159,-1.72615,0.900192,0.459996,99.9933,0.995698,52.5319,0.00792044
20241025,0.193475,0.110802,0.903269,0.436118,99.9939,0.997726,55.2711,0.00724584
20241026,0.245518,-1.81905,0.789749,0.492674,99.9935,0.997137,53.2445,0.00741724
20241027,0.245897,-0.189406,0.784218,0.493933,99.9939,0.996492,54.1293,0.00737651
20241028,0.220071,-2.49321,0.89497,0.463877,99.9933,0.97646,56.2057,0.00756496
20241029,0.200376,-1.05468,0.905002,0.441624,99.9935,0.99623,55.617,0.00766254
20241030,0.191696,-3.74648,0.900571,0.433043,99.9919,0.997769,48.8004,0.00855128
20241031,0.162981,-4.61085,0.877592,0.399303,99.9913,0.997836,45.5323,0.0082013
20241101,0.206276,-2.71842,0.769009,0.45106,99.9924,0.997073,47.6245,0.00758637
20241102,0.289918,-1.02402,0.715715,0.53075,99.9935,0.986567,52.6853,0.00717219
20241103,0.282628,-0.240531,0.710266,0.526539,99.9938,0.996115,51.3296,0.00740158
20241104,0.223622,-2.0926,0.803385,0.467294,99.9926,0.998458,46.8892,0.00810819
20241105,0.23731,-2.52844,0.79439,0.481377,99.9929,0.996611,48.7874,0.00776868
20241106,0.222699,-0.921038,0.817388,0.465897,99.9934,0.990338,53.177,0.00714736
20241107,0.222975,0.32486,0.804941,0.466473,99.9941,0.99298,55.6391,0.00669225
20241108,0.22676,-1.41348,0.809186,0.472624,99.9937,0.992977,52.2158,0.00716391
20241109,0.292447,-2.07566,0.723009,0.536044,99.9939,0.959706,58.2357,0.00648901
20241110,0.276133,-1.50415,0.719393,0.519299,99.994,0.986145,54.4854,0.00697604
20241112,0.232671,-1.17878,0.794741,0.474317,99.9931,0.99823,51.5581,0.00715795
20241114,0.257896,-1.4241,0.771248,0.500992,99.9934,0.995837,48.9278,0.00701417
20241115,0.261293,1.71244,0.772537,0.506962,99.9942,0.995299,54.7978,0.00626623
20241116,0.331367,0.249799,0.691741,0.571303,99.9939,0.997823,47.8907,0.00706685
20241117,0.335434,0.78506,0.700348,0.573545,99.9941,0.998297,49.5721,0.00678968
20241121,0.892623,5.62109,0.840762,0.931833,99.995,0.994406,60.0872,0.00792966
20241122,0.925141,4.07366,0.837116,0.956575,99.9951,0.972361,59.0319,0.00780971
20241123,1.36772,8.90768,0.588548,1.15878,99.9953,0.992685,61.729,0.00754468
20241124,1.3556,9.09267,0.620648,1.15169,99.9953,0.993369,61.1674,0.00753712
20241125,0.8488,5.9754,0.840922,0.909875,99.995,0.994184,62.1909,0.00754622
20241126,0.829973,6.78867,0.843584,0.900328,99.9951,0.987519,62.4864,0.00704189
20241127,0.837935,6.25134,0.847982,0.905576,99.9951,0.99482,61.335,0.00723063
20241128,0.848717,6.65616,0.851639,0.912122,99.995,0.994684,61.8377,0.00720877
20241129,0.990035,4.44041,0.844016,0.987454,99.9948,0.992078,60.9362,0.00848342
20241130,1.374,7.63761,0.59298,1.1628,99.9953,0.990218,60.5267,0.00756688
20241201,1.39157,8.21171,0.628104,1.16718,99.9952,0.984819,62.9304,0.00747757
20241203,0.888587,5.35633,0.847695,0.931299,99.9949,0.984645,63.2871,0.00735268
20241204,0.87808,7.22063,0.850142,0.927222,99.995,0.99015,63.5002,0.00733023
20241206,0.858943,7.84621,0.849599,0.936834,99.9953,0.974554,64.4527,0.00703201
20241207,1.36243,8.67073,0.577817,1.15659,99.9953,0.990371,61,0.00697852
20241208,1.2261,8.65973,0.604036,1.09477,99.9953,0.987781,60.1424,0.00680703
20241209,0.792035,5.6764,0.842755,0.880305,99.995,0.986056,63.2109,0.006872
20241210,0.830285,6.4823,0.857579,0.899524,99.9949,0.976491,64.5122,0.00708069
20241211,0.90707,6.39487,0.848572,0.942349,99.9951,0.993537,62.2586,0.00747762
20241212,0.901345,7.12967,0.849538,0.936674,99.995,0.98963,63.0629,0.00792161
20241213,0.995417,8.13696,0.701334,0.985213,99.9948,0.989919,62.4594,0.00682742
20241214,0.726023,6.33732,0.780088,0.840195,99.9955,0.974395,65.5574,0.00705316
20241215,1.49243,8.40449,0.644243,1.211,99.995,0.975692,65.36,0.00821852
20241216,0.922774,4.79598,0.855704,0.948396,99.9949,0.98521,64.3877,0.0083088
20241217,1.10349,1.67396,0.861549,1.03548,99.9945,0.884628,64.8505,0.00818705
20241218,0.858996,6.02971,0.852969,0.917304,99.995,0.989326,62.9181,0.00704681
20241219,0.817645,6.79845,0.836121,0.894868,99.9951,0.98388,60.7687,0.00698928
20241220,0.853402,6.14255,0.830219,0.921373,99.9952,0.991414,62.3637,0.00685945
20241221,1.29848,8.15029,0.597061,1.13028,99.9953,0.961723,64.2664,0.00706692
20241222,1.28099,5.96218,0.630581,1.11777,99.9951,0.988281,60.0264,0.00753125
20241223,0.840478,5.10815,0.843261,0.907008,99.9948,0.987269,63.7249,0.00714395
20241224,0.865386,7.07742,0.854837,0.918793,99.995,0.971696,66.114,0.0070841
20241225,0.875072,6.687,0.841573,0.923792,99.9949,0.989616,63.2701,0.00714136
20241226,0.863324,6.6378,0.858358,0.92033,99.9949,0.983151,64.22,0.00763365
20241227,0.856095,6.37539,0.841042,0.918472,99.9952,0.986527,63.3677,0.00694165
20241228,1.3433,8.02633,0.590955,1.15002,99.9954,0.98554,59.868,0.006957
20241229,1.31637,5.71827,0.615102,1.13448,99.9952,0.99719,54.4092,0.00772845
20241230,0.866104,5.10468,0.849141,0.919624,99.995,0.992966,58.8757,0.00741887
20250101,1.48222,-1.49093,0.641171,1.19803,99.9944,0.977107,49.8611,0.00895949
20250102,0.927416,2.12109,0.844461,0.950381,99.9948,0.987037,58.8694,0.00772255
20250103,0.914738,4.80455,0.842694,0.952539,99.9948,0.990644,63.0467,0.00759182
20250104,1.43777,4.50832,0.60209,1.18973,99.995,0.987968,56.6832,0.00789668
20250105,1.34617,6.97307,0.630303,1.14758,99.9953,0.976731,61.5331,0.0072428
20250106,0.848578,6.82279,0.844358,0.913233,99.9949,0.976014,63.7347,0.00716191
20250109,0.868535,6.85996,0.840095,0.922964,99.995,0.986991,63.5817,0.00751852
20250110,0.86765,6.52499,0.837344,0.927803,99.9948,0.979823,64.7424,0.00704313
20250111,1.37788,9.2224,0.587999,1.16311,99.9952,0.982682,63.5703,0.00708764
20250112,1.31614,9.34603,0.61514,1.13277,99.9952,0.987716,62.1971,0.00680601
20250113,0.821555,5.75385,0.845132,0.898821,99.995,0.994702,60.8965,0.0073085
20250114,0.84289,4.99192,0.841685,0.909908,99.9949,0.991175,62.0614,0.00717909
20250116,0.836272,6.44412,0.838559,0.903334,99.9949,0.981017,65.5906,0.00667489
20250117,0.871189,5.80865,0.824975,0.931987,99.995,0.989616,62.4678,0.00701411
20250118,1.50971,8.84224,0.580627,1.22148,99.9954,0.990816,63.0476,0.00729733
20250120,0.880478,5.10572,0.846882,0.931453,99.9949,0.991132,61.7435,0.00728395
20250121,0.922282,6.24139,0.851641,0.947934,99.9949,0.995356,60.7044,0.00764851
20250122,0.907097,6.84072,0.841069,0.943193,99.9949,0.99219,62.6984,0.00727336
20250123,0.900206,6.09715,0.841705,0.94163,99.9951,0.995519,62.4368,0.00727225
20250124,0.916488,7.49246,0.831836,0.952046,99.995,0.990653,63.2268,0.00705721
20250125,1.40846,10.2057,0.626426,1.17302,99.9953,0.995041,61.3961,0.00696873
20250126,0.861031,7.18501,0.832837,0.919536,99.995,0.994157,61.7164,0.00695114
20250127,0.821103,6.87136,0.835055,0.903221,99.995,0.994517,62.0762,0.00683632
20250128,1.24679,9.17916,0.556036,1.11082,99.9953,0.99466,61.6257,0.00655719
20250129,1.22598,10.4591,0.554911,1.09964,99.9953,0.994962,59.6517,0.00659723
20250130,1.25214,10.5014,0.557988,1.11174,99.9952,0.991514,62.6478,0.00654948
20250131,1.30324,8.15363,0.560615,1.13266,99.9952,0.987196,60.4758,0.00687702
20250201,1.33238,5.71509,0.577555,1.14279,99.9951,0.997528,57.6296,0.00730457
20250202,1.30346,5.91459,0.57329,1.13322,99.9952,0.990469,58.1202,0.00729109
20250203,1.30424,8.75803,0.5736,1.13391,99.9952,0.992738,57.878,0.00698992
20250204,1.37432,8.28329,0.605285,1.15903,99.9952,0.991172,60.4006,0.00717031
20250205,0.852172,6.29921,0.837629,0.915205,99.995,0.99327,63.0072,0.00712733
20250206,0.851949,5.81443,0.843623,0.91186,99.9949,0.98033,62.8319,0.00720852
20250207,0.836029,7.94757,0.842485,0.905653,99.995,0.982156,63.6334,0.00680413
20250208,0.831629,5.88779,0.841475,0.909953,99.9951,0.9939,60.6892,0.00715578
20250209,1.34601,5.54063,0.632388,1.14699,99.9952,0.937132,62.1809,0.0070102
20250215,1.36978,5.90088,0.597946,1.16252,99.9952,0.990875,59.5348,0.007242
20250216,1.30896,6.7229,0.631858,1.13088,99.9952,0.98995,59.0462,0.00732935
20250219,0.918362,4.15066,0.84052,0.950092,99.9948,0.99433,59.5212,0.00769787
20250222,1.49042,7.20585,0.583059,1.20939,99.9951,0.997357,55.8361,0.00782663
20250223,1.60228,8.67774,0.639602,1.25015,99.9955,0.995484,61.8765,0.00760101
20250227,1.01591,3.6651,0.843976,1.00799,99.995,0.988916,61.7362,0.00769776
20250228,1.05814,2.92033,0.84357,1.0265,99.9946,0.991854,56.8009,0.00821941
20250301,0.939792,3.99694,0.840669,0.966325,99.9947,0.99223,60.3581,0.00774643
20250302,1.07561,6.60276,0.805362,1.03109,99.9947,0.998094,60.2487,0.00781766
20250303,0.981041,6.46304,0.842049,0.98487,99.995,0.995176,60.3353,0.00784162
20250304,0.978643,4.58981,0.843442,0.984387,99.995,0.992523,61.4652,0.00771295
20250305,0.975019,6.28382,0.842591,0.986482,99.9951,0.994047,62.0448,0.00749264
20250306,0.972344,7.56589,0.846824,0.982343,99.9951,0.978623,64.9877,0.00728908
20250307,1.00065,6.69289,0.837535,0.994848,99.9951,0.994149,62.3568,0.00744834
20250308,0.96387,3.15229,0.845147,0.971641,99.9948,0.995258,55.7823,0.00823287
20250309,0.903948,2.87645,0.874304,0.940641,99.9949,0.988271,57.4105,0.0081157
20250310,0.909999,6.2316,0.845458,0.946201,99.995,0.994698,59.7937,0.00763365
20250311,0.918632,6.3676,0.842565,0.946603,99.9951,0.994642,61.3285,0.00743684
20250312,0.899435,2.1252,0.853762,0.941204,99.9948,0.978535,59.0879,0.00784119
20250313,0.933149,3.68349,0.842704,0.959997,99.9949,0.991413,58.7411,0.00785072
20250314,0.962545,3.71811,0.850642,0.976911,99.9947,0.993999,57.5431,0.00804468
20250315,0.964056,4.97932,0.834829,0.97526,99.9951,0.994418,58.4878,0.00789997
20250316,0.919706,3.46966,0.866867,0.946413,99.9948,0.996232,54.964,0.00850172
20250317,0.926586,3.01553,0.842118,0.95781,99.9947,0.998108,53.1927,0.00871202
20250318,0.911739,4.16573,0.839117,0.947875,99.9949,0.997838,58.087,0.00815051
20250319,0.938654,2.95214,0.845896,0.958785,99.9947,0.994571,54.8085,0.00851422
20250320,0.901687,2.82739,0.857697,0.943423,99.9947,0.99255,55.2935,0.00836673
20250321,0.975415,0.517155,0.839936,0.980493,99.9942,0.99248,49.9419,0.00914731
20250322,1.03921,3.26167,0.810865,1.01067,99.9947,0.992644,57.1212,0.00805538
20250323,0.823943,2.36543,0.8535,0.898316,99.9946,0.995401,53.1627,0.00833709
20250324,0.840663,1.56389,0.840576,0.905627,99.9945,0.994244,51.7416,0.00851369
20250325,0.829882,4.39493,0.837432,0.900709,99.9949,0.99204,59.113,0.00726657
20250326,0.841494,0.601149,0.845266,0.908332,99.9943,0.989194,54.8283,0.00802908
20250327,0.906499,1.94114,0.859867,0.941936,99.9947,0.965226,62.1128,0.00796522
20250328,0.906368,4.2318,0.842288,0.945306,99.9949,0.992799,58.8546,0.00761665
20250329,0.840356,1.70131,0.841406,0.910062,99.994,0.998143,48.5364,0.0092292
20250330,0.725693,2.57462,0.827865,0.842004,99.9945,0.997818,52.2246,0.00803563
20250331,0.764728,1.77862,0.691147,0.866974,99.9939,0.997237,48.5931,0.00827013
20250401,0.787035,3.01086,0.682357,0.878091,99.9943,0.996766,53.1886,0.0077039
20250403,0.906043,3.51671,0.696856,0.946743,99.9943,0.990893,56.5205,0.00740753
20250404,0.883936,1.74091,0.817737,0.932912,99.9944,0.981733,56.8309,0.00821677
20250405,0.902349,0.618003,0.814581,0.941973,99.9945,0.988742,53.5691,0.00873248
20250406,0.85223,2.64274,0.839267,0.913556,99.9946,0.987464,57.9169,0.00814164
20250407,0.875097,4.2288,0.694282,0.925685,99.9944,0.995498,56.7701,0.00759023
20250408,0.791007,1.27379,0.705673,0.880221,99.994,0.992876,51.0177,0.00843856
20250409,0.773844,1.49927,0.696463,0.869737,99.9941,0.981888,54.9997,0.00749095
20250410,0.789129,2.43111,0.683026,0.879454,99.9943,0.984508,55.0608,0.00734179
20250411,0.735176,1.87985,0.696714,0.854126,99.9939,0.994795,51.4358,0.00749514
20250412,0.752101,2.89077,0.805413,0.862286,99.9944,0.995305,53.7557,0.00763686
20250413,0.767307,4.36144,0.832191,0.866598,99.9949,0.993031,59.2982,0.00725357
20250414,0.855219,4.10897,0.725937,0.906632,99.9946,0.983673,57.6888,0.0070076
20250415,0.863654,-0.160675,0.726479,0.938833,99.9936,0.987993,47.6214,0.00854022
20250416,0.811007,-1.70805,0.731007,0.891365,99.9936,0.966919,54.5256,0.00830844
20250417,0.770885,2.69487,0.692811,0.869637,99.9943,0.983276,55.5035,0.00739827
20250418,0.850805,5.31208,0.712274,0.92018,99.9944,0.987798,54.2359,0.00769663
20250419,1.06177,2.41245,0.839623,1.03003,99.9939,0.974708,51.6861,0.012201
20250420,0.715472,4.77697,0.828431,0.834289,99.995,0.990211,59.759,0.00707232
20250421,0.754863,1.75147,0.71472,0.86185,99.9943,0.988565,55.1264,0.00731215
20250423,0.710407,4.31257,0.703962,0.83585,99.9945,0.996767,55.7787,0.00714868
20250424,0.753158,2.23879,0.68402,0.85926,99.9943,0.967391,54.1982,0.00717676
20250425,0.741494,5.72481,0.694721,0.858192,99.9945,0.992101,57.6109,0.0066336
20250426,0.682882,3.41309,0.824227,0.817944,99.9947,0.997063,54.1021,0.00763335
20250427,0.659338,4.27579,0.692359,0.805241,99.9945,0.99494,55.6982,0.00681537
20250429,0.664649,3.91695,0.705311,0.806071,99.9946,0.993101,56.6703,0.00695706
20250501,0.711812,3.25542,0.804649,0.839094,99.9949,0.987399,59.093,0.00714077
20250502,0.695665,1.85803,0.801141,0.82739,99.9949,0.97723,60.4982,0.00684916
20250503,0.706829,2.5526,0.805038,0.83405,99.9949,0.989874,58.5743,0.00715854
20250504,0.717755,3.39182,0.79692,0.843264,99.9949,0.986329,58.2464,0.00709621
20250505,0.700039,3.3849,0.832301,0.828006,99.995,0.95105,62.8182,0.00672193
20250506,0.697676,3.62339,0.701945,0.823962,99.9946,0.994248,55.257,0.00697404
20250507,0.655275,4.00535,0.69508,0.803143,99.9944,0.995068,54.7868,0.00689076
20250508,0.680244,3.89762,0.691806,0.817591,99.9944,0.995963,55.3138,0.00698623
20250509,0.713548,3.8933,0.697339,0.842519,99.9945,0.993607,55.1947,0.00688734
20250510,0.708709,3.68895,0.811278,0.836352,99.9948,0.996845,55.4118,0.00759439
20250511,0.664481,3.44369,0.827372,0.804974,99.9948,0.995731,55.9286,0.00733927
20250512,0.644331,4.60218,0.696418,0.797279,99.9944,0.996698,55.147,0.00686635
20250513,0.659878,3.55636,0.691089,0.80577,99.9944,0.997072,52.6277,0.00718645
20250515,0.662614,5.42729,0.705532,0.805232,99.9947,0.993468,58.9918,0.00646343
20250516,0.690407,5.36234,0.709826,0.82781,99.9945,0.993563,57.0735,0.00648719
20250517,0.758361,1.73756,0.821866,0.86513,99.9948,0.977761,58.7961,0.00733001
20250518,0.713358,2.71619,0.849724,0.835124,99.9949,0.986893,61.737,0.00701878
20250519,0.653903,4.46054,0.70558,0.801019,99.9946,0.997495,56.5925,0.00679237
20250520,0.651695,2.1443,0.714342,0.800148,99.9944,0.99422,54.5452,0.00712223
20250523,0.780151,5.62958,0.690096,0.874934,99.9947,0.994978,58.3515,0.00680763
20250524,0.730234,5.84176,0.771909,0.852646,99.9948,0.989919,60.654,0.00661841
20250525,0.633803,1.31897,0.830565,0.787047,99.9942,0.997837,49.6227,0.00807511
20250527,0.622015,3.30914,0.724869,0.780433,99.9946,0.991789,57.7978,0.00657754
20250528,0.621971,0.419484,0.710987,0.782378,99.9939,0.996761,47.8593,0.00798606
20250529,0.653833,-2.05265,0.743289,0.801168,99.994,0.973957,51.1275,0.00770115
20250530,0.761472,1.48017,0.749022,0.867403,99.9944,0.991351,55.2228,0.00723546
20250531,0.645736,4.2474,0.828934,0.799168,99.995,0.95651,63.2742,0.00661862
20250601,1.04173,-2.20038,0.853303,1.02241,99.9936,0.986707,50.0427,0.00924828
20250602,0.560974,-1.54148,0.862957,0.741899,99.994,0.986815,49.8032,0.00856435
20250603,0.551321,-0.935544,0.740346,0.738893,99.9942,0.970742,50.9414,0.00750163
20250604,0.543194,1.42866,0.722984,0.728872,99.9942,0.993397,53.6063,0.00698911
20250605,0.58257,1.56738,0.757545,0.758914,99.9943,0.998682,53.896,0.00714013
20250606,0.582534,3.74914,0.708391,0.760299,99.9944,0.995177,55.2619,0.00661395
20250607,0.537902,0.291873,0.822403,0.729555,99.9941,0.997981,47.8769,0.00807499
20250608,0.496373,2.44981,0.847189,0.698832,99.9947,0.991529,56.7486,0.00692825
20250609,0.572284,1.99084,0.70641,0.748431,99.9945,0.991581,54.9136,0.00685226
20250610,0.520093,3.28826,0.71432,0.715163,99.9946,0.99418,57.0331,0.00643766
20250611,0.535516,2.23752,0.710612,0.725366,99.9942,0.996281,54.1186,0.00688924
20250612,0.533103,1.78257,0.717163,0.724412,99.9941,0.982723,55.2918,0.00668138
20250715,0.672626,1.70143,0.73712,0.811044,99.9945,0.984927,56.3941,0.00732179
20250716,0.683987,1.24964,0.728073,0.819376,99.9942,0.995597,50.5938,0.00813875
20250719,0.679838,2.78273,0.818953,0.820972,99.9946,0.995735,54.8379,0.00770992
20250720,0.631218,4.15388,0.841745,0.788184,99.9949,0.994709,55.2549,0.00734757
20250722,0.732051,2.45432,0.739218,0.852832,99.9945,0.989576,53.0843,0.00757396
20250725,0.782105,4.28302,0.730593,0.879952,99.9946,0.996189,55.3787,0.00750448
20250726,0.766356,5.56344,0.821779,0.870067,99.995,0.993861,58.8368,0.00743287
20250727,0.696737,5.43842,0.843634,0.829218,99.9951,0.993065,60.5942,0.00738983
20250728,0.731222,5.91168,0.70335,0.848899,99.9945,0.995084,60.4774,0.0068958
20250731,0.696415,2.97435,0.72244,0.828176,99.9945,0.997283,54.5405,0.00770718
20250802,0.661547,4.33276,0.825929,0.811189,99.9948,0.99382,57.7666,0.00756926
20250803,0.628135,2.90197,0.839605,0.786183,99.9949,0.995515,55.7242,0.00769883
20250804,0.685632,1.89579,0.704668,0.819345,99.994,0.997568,50.0718,0.00829998
20250805,0.675354,3.09004,0.721166,0.818113,99.9945,0.993292,54.1104,0.00759162
20250806,0.620308,4.50066,0.727499,0.782974,99.9944,0.995615,58.2077,0.00701856
20250807,0.670568,4.07045,0.706549,0.811457,99.9944,0.996922,55.794,0.00745935
20250808,0.728211,2.33869,0.723279,0.85093,99.9944,0.995752,54.8855,0.00769405
20250809,0.687193,2.22235,0.833145,0.823494,99.9946,0.971044,60.523,0.00743574
20250810,0.624861,2.08139,0.853494,0.786304,99.9945,0.993905,55.3353,0.00797217
20250811,0.67065,4.34499,0.719605,0.810795,99.9945,0.993391,59.4155,0.0069928
20250812,0.639696,2.87229,0.714165,0.794561,99.9943,0.996392,54.6192,0.00753722
20250813,0.710409,4.10941,0.715001,0.834359,99.9942,0.994961,58.4377,0.00711921
20250813,0.710409,4.10941,0.715001,0.834359,99.9942,0.994961,58.4377,0.00711921
20250821,0.264552,1.30294,0.797715,0.514077,99.9956,0.993563,54.3375,0.00597963
20250822,0.447717,4.52772,0.717648,0.658174,99.9941,0.990648,58.452,0.00659065
20250823,0.0286314,-7.85736,0.962579,0.166542,99.989,0.998396,50.0585,0.00528021
20250824,0.069935,-8.54559,0.94309,0.252086,99.9867,0.997808,45.0284,0.0067809
20250825,0.0223868,-10.7114,0.933937,0.14685,99.9826,0.99609,45.3456,0.00573655
20250826,0.0166269,-9.11538,0.939096,0.126295,99.9889,0.992517,50.4105,0.00486423
20250827,0.0111399,-9.85908,0.946048,0.104988,99.9868,0.993964,49.5383,0.00463109
20250829,0.365666,2.06816,0.650449,0.59799,99.9943,0.997605,50.0348,0.00671055
20250830,0.386548,3.25234,0.732928,0.628302,99.9943,0.997439,55.0145,0.0059803
20250831,0.891636,7.87521,0.839724,0.940858,99.9951,0.989452,63.2231,0.00799244
20250901,0.685034,2.24623,0.74705,0.812551,99.9943,0.98344,56.4831,0.00708256
20250902,0.256171,-4.77203,0.819449,0.503327,99.9933,0.988322,49.8901,0.00615122
20250903,0.013131,-12.9865,0.960982,0.117121,99.9697,0.998072,41.216,0.00582192
20250904,0.0130868,-12.4917,0.957166,0.112334,99.9819,0.993456,43.3914,0.00529594
20250905,0.0119492,-12.2552,0.955619,0.108956,99.9798,0.997097,42.4427,0.00550578
20250906,0.10609,-7.9631,0.920735,0.304057,99.9883,0.971623,52.2308,0.00609499
20250907,0.0188987,-11.2333,0.930267,0.137229,99.982,0.998091,44.8212,0.00547168
20250908,0.0175324,-11.8408,0.95262,0.129839,99.9811,0.993522,43.7569,0.00538883
20250909,0.187729,-1.18814,0.847567,0.437155,99.9942,0.995059,50.9344,0.00601106
20250910,0.712607,6.49379,0.757061,0.840673,99.9942,0.996821,58.3756,0.00755346
20250911,0.752498,5.34078,0.772513,0.852141,99.9943,0.98007,59.8827,0.00825699
20250912,0.0130116,-9.81954,0.953547,0.114621,99.9876,0.996499,49.0167,0.0048448
20250913,0.0106435,-11.7479,0.949427,0.102119,99.9812,0.997306,45.1217,0.00516103
20250917,0.0474502,-5.50922,0.9739,0.205853,99.9919,0.991683,52.1817,0.005101
20250919,0.0300203,-9.50778,0.970658,0.168402,99.9866,0.997353,42.9324,0.00562543
20250921,0.0440129,-7.4956,0.891529,0.208387,99.9886,0.998138,44.802,0.00565758
20250922,0.0233058,-10.929,0.907338,0.149856,99.9844,0.993641,44.5601,0.00559907
20250924,0.556139,2.99148,0.776525,0.742741,99.9944,0.99696,55.552,0.0078373
20250925,0.326135,2.48627,0.67982,0.562244,99.994,0.99281,56.3938,0.00617848
20250926,0.0269395,-7.81845,0.960388,0.179432,99.9914,0.990503,50.9587,0.00498176
20250928,0.0205799,-10.0756,0.928696,0.139333,99.9867,0.994588,49.5742,0.00518397
20250929,0.0287159,-11.8027,0.928016,0.168359,99.9833,0.992591,44.7709,0.0059332
20250930,0.36279,-3.49102,0.825803,0.603244,99.9936,0.977816,51.2752,0.0067003
20251001,0.449672,-0.758644,0.793179,0.673463,99.9946,0.976291,57.4515,0.00691712
20251002,0.0555125,-8.44287,0.906641,0.233538,99.99,0.984467,50.0329,0.00529855
20251003,0.0473231,-9.18654,0.937094,0.214057,99.9906,0.991391,47.765,0.00541972
20251004,0.0246912,-10.6975,0.930865,0.153965,99.9864,0.994487,48.0429,0.00543567
20251005,0.0180607,-10.3662,0.94595,0.132296,99.9851,0.996713,45.7485,0.00530623
20251006,0.132777,-0.990864,0.794431,0.374779,99.9931,0.996243,50.1431,0.00556715
20251007,0.335119,1.05058,0.796794,0.575521,99.9947,0.997038,52.2076,0.0070706
20251008,0.0200702,-9.15489,0.93714,0.140603,99.9876,0.994379,50.0915,0.00514094
20251009,0.0177931,-11.3284,0.932644,0.131279,99.9801,0.998284,42.2242,0.00572374
20251010,0.0177434,-12.263,0.939838,0.133135,99.9793,0.997099,44.3023,0.00557453
20251011,0.309869,-0.0231817,0.82019,0.56513,99.9938,0.991672,48.8881,0.00625207
20251012,0.330557,-1.40982,0.843136,0.570632,99.9937,0.991864,52.8894,0.00724062
20251013,0.0555499,-6.39555,0.942104,0.235292,99.9924,0.989966,51.6265,0.00458621
20251015,0.117142,-4.37784,0.850715,0.342292,99.9931,0.996008,42.5119,0.00589928
20251016,0.023692,-10.407,0.963402,0.152798,99.9829,0.997661,42.5889,0.00541349
20251017,0.394763,0.774127,0.812466,0.637472,99.9938,0.996925,51.7971,0.00650857
20251018,1.03782,1.2487,0.827871,1.01328,99.9945,0.992147,54.1791,0.00940411
20251019,0.45789,3.97994,0.813245,0.670957,99.9953,0.973592,62.1691,0.00624495
20251020,0.0243061,-9.06602,0.93945,0.156098,99.9873,0.995539,47.462,0.00490865
20251021,0.27757,1.86295,0.835537,0.527616,99.9941,0.995628,51.2192,0.0060556
20251022,0.786323,5.51399,0.753602,0.881085,99.9946,0.997463,55.8381,0.00800848
20251023,0.438724,2.53711,0.6714,0.651253,99.9943,0.997971,50.8869,0.00712227
20251024,0.0288753,-10.5501,0.952042,0.171815,99.9812,0.998239,40.7581,0.00544308
20251025,0.0223326,-13.0184,0.94913,0.147707,99.9664,0.99851,38.2106,0.0065824
20251026,0.0235035,-8.24353,0.926185,0.151404,99.9886,0.996371,47.539,0.00459633
20251027,0.0216282,-10.5348,0.942561,0.146171,99.9841,0.996149,45.7177,0.00511594
20251028,0.391031,1.09882,0.839171,0.628406,99.9943,0.992229,54.9804,0.00643073
20251029,0.571394,1.8591,0.690082,0.746989,99.9943,0.989442,56.5522,0.00756564
20251030,0.0239291,-13.0974,0.923001,0.152751,99.9843,0.978283,46.4367,0.00508345
20251031,0.0366989,-9.21311,0.901376,0.185481,99.9884,0.991984,47.031,0.00505897
20251101,0.0258767,-10.2697,0.940544,0.157653,99.9857,0.996175,45.3926,0.00501494
20251102,0.307972,0.406811,0.866001,0.555266,99.9941,0.991145,53.9898,0.0060959
20251103,0.816525,3.22348,0.738547,0.896566,99.9944,0.988698,57.6512,0.00783699
20251104,0.871452,6.08116,0.739027,0.928776,99.9944,0.995358,60.3551,0.00765323
20251105,1.04243,4.14225,0.769106,1.01435,99.9946,0.996736,58.5836,0.00893763
20251106,0.912593,2.9642,0.756998,0.946716,99.9941,0.970169,60.199,0.00794969
20251107,0.980506,3.46136,0.771789,0.991865,99.9943,0.991497,59.0106,0.00790273
20251108,0.564756,1.36382,0.829907,0.761745,99.9943,0.98779,54.9626,0.0072395
20251109,0.152833,-0.742962,0.851617,0.402966,99.9948,0.994965,52.9007,0.00534867
